budget_line_id,fiscal_month,fiscal_quarter,fiscal_year,department,cost_center_id,budget_category,budget_amount_usd,actual_amount_usd
BL-00001,2025-01,Q1 2025,FY2025,Engineering,CC-102,Compensation,420000,418184.46
BL-00002,2025-01,Q1 2025,FY2025,Engineering,CC-101,Benefits,84000,83564.28
BL-00003,2025-01,Q1 2025,FY2025,Engineering,CC-105,Software,65000,65533.52
BL-00004,2025-01,Q1 2025,FY2025,Engineering,CC-105,Equipment,30000,31449.06
BL-00005,2025-01,Q1 2025,FY2025,Engineering,CC-103,Travel,15000,15149.54
BL-00006,2025-01,Q1 2025,FY2025,Engineering,CC-100,Training,12000,11903.76
BL-00007,2025-01,Q1 2025,FY2025,Engineering,CC-104,Facilities,25000,25517.63
BL-00008,2025-01,Q1 2025,FY2025,Sales,CC-111,Compensation,380000,381490.51
BL-00009,2025-01,Q1 2025,FY2025,Sales,CC-112,Benefits,76000,77497.13
BL-00010,2025-01,Q1 2025,FY2025,Sales,CC-112,Travel,45000,45149.18
BL-00011,2025-01,Q1 2025,FY2025,Sales,CC-111,Software,25000,24491.67
BL-00012,2025-01,Q1 2025,FY2025,Sales,CC-109,Training,18000,17893.81
BL-00013,2025-01,Q1 2025,FY2025,Sales,CC-113,Professional Services,15000,15018.75
BL-00014,2025-01,Q1 2025,FY2025,Sales,CC-108,Equipment,10000,9968.1
BL-00015,2025-01,Q1 2025,FY2025,Marketing,CC-115,Compensation,210000,208160.7
BL-00016,2025-01,Q1 2025,FY2025,Marketing,CC-115,Benefits,42000,40911.32
BL-00017,2025-01,Q1 2025,FY2025,Marketing,CC-114,Software,35000,35917.07
BL-00018,2025-01,Q1 2025,FY2025,Marketing,CC-117,Travel,25000,24819.53
BL-00019,2025-01,Q1 2025,FY2025,Marketing,CC-118,Professional Services,40000,41910.59
BL-00020,2025-01,Q1 2025,FY2025,Marketing,CC-116,Training,10000,10332.19
BL-00021,2025-01,Q1 2025,FY2025,Marketing,CC-118,Facilities,15000,15255.71
BL-00022,2025-01,Q1 2025,FY2025,Finance,CC-121,Compensation,160000,152730.3
BL-00023,2025-01,Q1 2025,FY2025,Finance,CC-125,Benefits,32000,32923.03
BL-00024,2025-01,Q1 2025,FY2025,Finance,CC-123,Software,20000,19901.61
BL-00025,2025-01,Q1 2025,FY2025,Finance,CC-127,Professional Services,25000,25498.2
BL-00026,2025-01,Q1 2025,FY2025,Finance,CC-123,Training,8000,7707.42
BL-00027,2025-01,Q1 2025,FY2025,Finance,CC-121,Facilities,12000,11502.92
BL-00028,2025-01,Q1 2025,FY2025,HR,CC-133,Compensation,120000,117373.99
BL-00029,2025-01,Q1 2025,FY2025,HR,CC-128,Benefits,24000,24082.38
BL-00030,2025-01,Q1 2025,FY2025,HR,CC-134,Software,15000,15368.39
BL-00031,2025-01,Q1 2025,FY2025,HR,CC-130,Professional Services,18000,18026.89
BL-00032,2025-01,Q1 2025,FY2025,HR,CC-131,Training,10000,10137.63
BL-00033,2025-01,Q1 2025,FY2025,HR,CC-130,Facilities,10000,9811.9
BL-00034,2025-01,Q1 2025,FY2025,Legal,CC-137,Compensation,140000,136987.04
BL-00035,2025-01,Q1 2025,FY2025,Legal,CC-140,Benefits,28000,28166.63
BL-00036,2025-01,Q1 2025,FY2025,Legal,CC-140,Professional Services,35000,35800.9
BL-00037,2025-01,Q1 2025,FY2025,Legal,CC-139,Software,10000,10383.77
BL-00038,2025-01,Q1 2025,FY2025,Legal,CC-140,Travel,5000,5092.37
BL-00039,2025-01,Q1 2025,FY2025,Legal,CC-137,Facilities,8000,8008.71
BL-00040,2025-01,Q1 2025,FY2025,Product,CC-147,Compensation,250000,258349.77
BL-00041,2025-01,Q1 2025,FY2025,Product,CC-144,Benefits,50000,49599.82
BL-00042,2025-01,Q1 2025,FY2025,Product,CC-148,Software,40000,39217.92
BL-00043,2025-01,Q1 2025,FY2025,Product,CC-148,Travel,12000,12014.02
BL-00044,2025-01,Q1 2025,FY2025,Product,CC-142,Equipment,15000,14848.32
BL-00045,2025-01,Q1 2025,FY2025,Product,CC-142,Training,10000,10102.99
BL-00046,2025-01,Q1 2025,FY2025,Product,CC-143,Facilities,15000,14571.28
BL-00047,2025-01,Q1 2025,FY2025,Operations,CC-154,Compensation,180000,185973.22
BL-00048,2025-01,Q1 2025,FY2025,Operations,CC-151,Benefits,36000,35274.47
BL-00049,2025-01,Q1 2025,FY2025,Operations,CC-154,Equipment,25000,25205.24
BL-00050,2025-01,Q1 2025,FY2025,Operations,CC-152,Software,18000,18617.67
BL-00051,2025-01,Q1 2025,FY2025,Operations,CC-154,Travel,10000,10102.57
BL-00052,2025-01,Q1 2025,FY2025,Operations,CC-153,Professional Services,12000,12154.37
BL-00053,2025-01,Q1 2025,FY2025,Operations,CC-152,Facilities,18000,17131.41
BL-00054,2025-01,Q1 2025,FY2025,IT,CC-160,Compensation,200000,197588.05
BL-00055,2025-01,Q1 2025,FY2025,IT,CC-157,Benefits,40000,39318.72
BL-00056,2025-01,Q1 2025,FY2025,IT,CC-160,Software,55000,55686.01
BL-00057,2025-01,Q1 2025,FY2025,IT,CC-162,Equipment,35000,33238.4
BL-00058,2025-01,Q1 2025,FY2025,IT,CC-156,Facilities,30000,30061.55
BL-00059,2025-01,Q1 2025,FY2025,IT,CC-161,Professional Services,15000,15152.32
BL-00060,2025-01,Q1 2025,FY2025,IT,CC-159,Training,8000,8116.12
BL-00061,2025-01,Q1 2025,FY2025,Executive,CC-167,Compensation,150000,146353.75
BL-00062,2025-01,Q1 2025,FY2025,Executive,CC-166,Benefits,30000,29494.91
BL-00063,2025-01,Q1 2025,FY2025,Executive,CC-169,Travel,20000,18429.44
BL-00064,2025-01,Q1 2025,FY2025,Executive,CC-163,Professional Services,10000,9854.72
BL-00065,2025-01,Q1 2025,FY2025,Executive,CC-167,Facilities,8000,7949.78
BL-00066,2025-02,Q1 2025,FY2025,Engineering,CC-106,Compensation,420000,414371.53
BL-00067,2025-02,Q1 2025,FY2025,Engineering,CC-100,Benefits,84000,83619.4
BL-00068,2025-02,Q1 2025,FY2025,Engineering,CC-102,Software,65000,67775.48
BL-00069,2025-02,Q1 2025,FY2025,Engineering,CC-105,Equipment,30000,29092.28
BL-00070,2025-02,Q1 2025,FY2025,Engineering,CC-105,Travel,15000,15197.2
BL-00071,2025-02,Q1 2025,FY2025,Engineering,CC-101,Training,12000,11964.35
BL-00072,2025-02,Q1 2025,FY2025,Engineering,CC-104,Facilities,25000,25880.68
BL-00073,2025-02,Q1 2025,FY2025,Sales,CC-109,Compensation,380000,399663.59
BL-00074,2025-02,Q1 2025,FY2025,Sales,CC-113,Benefits,76000,73594.37
BL-00075,2025-02,Q1 2025,FY2025,Sales,CC-108,Travel,45000,43811.37
BL-00076,2025-02,Q1 2025,FY2025,Sales,CC-109,Software,25000,24212.42
BL-00077,2025-02,Q1 2025,FY2025,Sales,CC-113,Training,18000,18052.8
BL-00078,2025-02,Q1 2025,FY2025,Sales,CC-111,Professional Services,15000,14441.42
BL-00079,2025-02,Q1 2025,FY2025,Sales,CC-110,Equipment,10000,10353.51
BL-00080,2025-02,Q1 2025,FY2025,Marketing,CC-114,Compensation,210000,205826.82
BL-00081,2025-02,Q1 2025,FY2025,Marketing,CC-120,Benefits,42000,42912.99
BL-00082,2025-02,Q1 2025,FY2025,Marketing,CC-120,Software,35000,35644.6
BL-00083,2025-02,Q1 2025,FY2025,Marketing,CC-118,Travel,25000,24908.4
BL-00084,2025-02,Q1 2025,FY2025,Marketing,CC-114,Professional Services,40000,40387.77
BL-00085,2025-02,Q1 2025,FY2025,Marketing,CC-114,Training,10000,10297.19
BL-00086,2025-02,Q1 2025,FY2025,Marketing,CC-120,Facilities,15000,15266.11
BL-00087,2025-02,Q1 2025,FY2025,Finance,CC-126,Compensation,160000,157563.75
BL-00088,2025-02,Q1 2025,FY2025,Finance,CC-124,Benefits,32000,31898.44
BL-00089,2025-02,Q1 2025,FY2025,Finance,CC-125,Software,20000,20340.56
BL-00090,2025-02,Q1 2025,FY2025,Finance,CC-127,Professional Services,25000,24852.3
BL-00091,2025-02,Q1 2025,FY2025,Finance,CC-125,Training,8000,7514.11
BL-00092,2025-02,Q1 2025,FY2025,Finance,CC-127,Facilities,12000,11422.88
BL-00093,2025-02,Q1 2025,FY2025,HR,CC-130,Compensation,120000,119696.57
BL-00094,2025-02,Q1 2025,FY2025,HR,CC-131,Benefits,24000,23521.29
BL-00095,2025-02,Q1 2025,FY2025,HR,CC-131,Software,15000,15651.65
BL-00096,2025-02,Q1 2025,FY2025,HR,CC-132,Professional Services,18000,17976.16
BL-00097,2025-02,Q1 2025,FY2025,HR,CC-128,Training,10000,9783.99
BL-00098,2025-02,Q1 2025,FY2025,HR,CC-130,Facilities,10000,10067.96
BL-00099,2025-02,Q1 2025,FY2025,Legal,CC-139,Compensation,140000,145290.14
BL-00100,2025-02,Q1 2025,FY2025,Legal,CC-136,Benefits,28000,28140.65
BL-00101,2025-02,Q1 2025,FY2025,Legal,CC-135,Professional Services,35000,36645.49
BL-00102,2025-02,Q1 2025,FY2025,Legal,CC-136,Software,10000,10021.26
BL-00103,2025-02,Q1 2025,FY2025,Legal,CC-137,Travel,5000,5034.55
BL-00104,2025-02,Q1 2025,FY2025,Legal,CC-135,Facilities,8000,8024.92
BL-00105,2025-02,Q1 2025,FY2025,Product,CC-145,Compensation,250000,243964.33
BL-00106,2025-02,Q1 2025,FY2025,Product,CC-143,Benefits,50000,49892.35
BL-00107,2025-02,Q1 2025,FY2025,Product,CC-146,Software,40000,38134.4
BL-00108,2025-02,Q1 2025,FY2025,Product,CC-146,Travel,12000,11859.17
BL-00109,2025-02,Q1 2025,FY2025,Product,CC-148,Equipment,15000,14223.04
BL-00110,2025-02,Q1 2025,FY2025,Product,CC-145,Training,10000,10089.83
BL-00111,2025-02,Q1 2025,FY2025,Product,CC-145,Facilities,15000,15074.32
BL-00112,2025-02,Q1 2025,FY2025,Operations,CC-151,Compensation,180000,182269.53
BL-00113,2025-02,Q1 2025,FY2025,Operations,CC-154,Benefits,36000,34925.41
BL-00114,2025-02,Q1 2025,FY2025,Operations,CC-149,Equipment,25000,25388.66
BL-00115,2025-02,Q1 2025,FY2025,Operations,CC-149,Software,18000,17279.9
BL-00116,2025-02,Q1 2025,FY2025,Operations,CC-149,Travel,10000,9234.39
BL-00117,2025-02,Q1 2025,FY2025,Operations,CC-155,Professional Services,12000,11731.7
BL-00118,2025-02,Q1 2025,FY2025,Operations,CC-149,Facilities,18000,18282.39
BL-00119,2025-02,Q1 2025,FY2025,IT,CC-159,Compensation,200000,200032.9
BL-00120,2025-02,Q1 2025,FY2025,IT,CC-157,Benefits,40000,40779.47
BL-00121,2025-02,Q1 2025,FY2025,IT,CC-157,Software,55000,53824.1
BL-00122,2025-02,Q1 2025,FY2025,IT,CC-162,Equipment,35000,35399.93
BL-00123,2025-02,Q1 2025,FY2025,IT,CC-162,Facilities,30000,30862.84
BL-00124,2025-02,Q1 2025,FY2025,IT,CC-162,Professional Services,15000,14774.23
BL-00125,2025-02,Q1 2025,FY2025,IT,CC-160,Training,8000,7926.5
BL-00126,2025-02,Q1 2025,FY2025,Executive,CC-169,Compensation,150000,149549.11
BL-00127,2025-02,Q1 2025,FY2025,Executive,CC-169,Benefits,30000,30396.54
BL-00128,2025-02,Q1 2025,FY2025,Executive,CC-169,Travel,20000,20024.58
BL-00129,2025-02,Q1 2025,FY2025,Executive,CC-166,Professional Services,10000,10026.19
BL-00130,2025-02,Q1 2025,FY2025,Executive,CC-164,Facilities,8000,8244.23
BL-00131,2025-03,Q1 2025,FY2025,Engineering,CC-101,Compensation,420000,437932.27
BL-00132,2025-03,Q1 2025,FY2025,Engineering,CC-103,Benefits,84000,79913.91
BL-00133,2025-03,Q1 2025,FY2025,Engineering,CC-106,Software,65000,66940.02
BL-00134,2025-03,Q1 2025,FY2025,Engineering,CC-106,Equipment,30000,30012.13
BL-00135,2025-03,Q1 2025,FY2025,Engineering,CC-105,Travel,15000,14546.8
BL-00136,2025-03,Q1 2025,FY2025,Engineering,CC-106,Training,12000,12105.31
BL-00137,2025-03,Q1 2025,FY2025,Engineering,CC-101,Facilities,25000,23878.53
BL-00138,2025-03,Q1 2025,FY2025,Sales,CC-108,Compensation,380000,373769.79
BL-00139,2025-03,Q1 2025,FY2025,Sales,CC-111,Benefits,76000,74263.86
BL-00140,2025-03,Q1 2025,FY2025,Sales,CC-112,Travel,45000,48401.64
BL-00141,2025-03,Q1 2025,FY2025,Sales,CC-107,Software,25000,23798.31
BL-00142,2025-03,Q1 2025,FY2025,Sales,CC-107,Training,18000,17765.08
BL-00143,2025-03,Q1 2025,FY2025,Sales,CC-113,Professional Services,15000,14540.68
BL-00144,2025-03,Q1 2025,FY2025,Sales,CC-111,Equipment,10000,9821.03
BL-00145,2025-03,Q1 2025,FY2025,Marketing,CC-114,Compensation,210000,218808.46
BL-00146,2025-03,Q1 2025,FY2025,Marketing,CC-120,Benefits,42000,44679.45
BL-00147,2025-03,Q1 2025,FY2025,Marketing,CC-119,Software,35000,35553.98
BL-00148,2025-03,Q1 2025,FY2025,Marketing,CC-120,Travel,25000,25927.56
BL-00149,2025-03,Q1 2025,FY2025,Marketing,CC-118,Professional Services,40000,40056.3
BL-00150,2025-03,Q1 2025,FY2025,Marketing,CC-115,Training,10000,10150.96
BL-00151,2025-03,Q1 2025,FY2025,Marketing,CC-114,Facilities,15000,14887.28
BL-00152,2025-03,Q1 2025,FY2025,Finance,CC-124,Compensation,160000,159349.6
BL-00153,2025-03,Q1 2025,FY2025,Finance,CC-123,Benefits,32000,31318.91
BL-00154,2025-03,Q1 2025,FY2025,Finance,CC-123,Software,20000,19353.08
BL-00155,2025-03,Q1 2025,FY2025,Finance,CC-122,Professional Services,25000,25337.41
BL-00156,2025-03,Q1 2025,FY2025,Finance,CC-123,Training,8000,8365.28
BL-00157,2025-03,Q1 2025,FY2025,Finance,CC-123,Facilities,12000,11573.83
BL-00158,2025-03,Q1 2025,FY2025,HR,CC-131,Compensation,120000,123272.18
BL-00159,2025-03,Q1 2025,FY2025,HR,CC-128,Benefits,24000,23514.44
BL-00160,2025-03,Q1 2025,FY2025,HR,CC-128,Software,15000,15687.3
BL-00161,2025-03,Q1 2025,FY2025,HR,CC-128,Professional Services,18000,16123.5
BL-00162,2025-03,Q1 2025,FY2025,HR,CC-128,Training,10000,10279.67
BL-00163,2025-03,Q1 2025,FY2025,HR,CC-129,Facilities,10000,9653.69
BL-00164,2025-03,Q1 2025,FY2025,Legal,CC-137,Compensation,140000,138831.67
BL-00165,2025-03,Q1 2025,FY2025,Legal,CC-137,Benefits,28000,29265.55
BL-00166,2025-03,Q1 2025,FY2025,Legal,CC-137,Professional Services,35000,33530.55
BL-00167,2025-03,Q1 2025,FY2025,Legal,CC-140,Software,10000,10311.27
BL-00168,2025-03,Q1 2025,FY2025,Legal,CC-137,Travel,5000,5237.74
BL-00169,2025-03,Q1 2025,FY2025,Legal,CC-140,Facilities,8000,7458.67
BL-00170,2025-03,Q1 2025,FY2025,Product,CC-146,Compensation,250000,235702.25
BL-00171,2025-03,Q1 2025,FY2025,Product,CC-144,Benefits,50000,52761.58
BL-00172,2025-03,Q1 2025,FY2025,Product,CC-147,Software,40000,40108.68
BL-00173,2025-03,Q1 2025,FY2025,Product,CC-144,Travel,12000,12587.62
BL-00174,2025-03,Q1 2025,FY2025,Product,CC-142,Equipment,15000,15559.38
BL-00175,2025-03,Q1 2025,FY2025,Product,CC-143,Training,10000,10380.16
BL-00176,2025-03,Q1 2025,FY2025,Product,CC-144,Facilities,15000,14526.52
BL-00177,2025-03,Q1 2025,FY2025,Operations,CC-151,Compensation,180000,179263.85
BL-00178,2025-03,Q1 2025,FY2025,Operations,CC-150,Benefits,36000,36728.06
BL-00179,2025-03,Q1 2025,FY2025,Operations,CC-153,Equipment,25000,24438.03
BL-00180,2025-03,Q1 2025,FY2025,Operations,CC-152,Software,18000,17023.21
BL-00181,2025-03,Q1 2025,FY2025,Operations,CC-149,Travel,10000,9995.38
BL-00182,2025-03,Q1 2025,FY2025,Operations,CC-149,Professional Services,12000,12786.68
BL-00183,2025-03,Q1 2025,FY2025,Operations,CC-149,Facilities,18000,17325.04
BL-00184,2025-03,Q1 2025,FY2025,IT,CC-156,Compensation,200000,191570.15
BL-00185,2025-03,Q1 2025,FY2025,IT,CC-158,Benefits,40000,39681.51
BL-00186,2025-03,Q1 2025,FY2025,IT,CC-157,Software,55000,55756.06
BL-00187,2025-03,Q1 2025,FY2025,IT,CC-159,Equipment,35000,34926.76
BL-00188,2025-03,Q1 2025,FY2025,IT,CC-160,Facilities,30000,28861.71
BL-00189,2025-03,Q1 2025,FY2025,IT,CC-161,Professional Services,15000,15177.66
BL-00190,2025-03,Q1 2025,FY2025,IT,CC-157,Training,8000,8005.76
BL-00191,2025-03,Q1 2025,FY2025,Executive,CC-167,Compensation,150000,141811.22
BL-00192,2025-03,Q1 2025,FY2025,Executive,CC-167,Benefits,30000,29517.59
BL-00193,2025-03,Q1 2025,FY2025,Executive,CC-165,Travel,20000,20187.18
BL-00194,2025-03,Q1 2025,FY2025,Executive,CC-165,Professional Services,10000,10125.62
BL-00195,2025-03,Q1 2025,FY2025,Executive,CC-169,Facilities,8000,8344.65
BL-00196,2025-04,Q2 2025,FY2025,Engineering,CC-100,Compensation,420000,406676.0
BL-00197,2025-04,Q2 2025,FY2025,Engineering,CC-101,Benefits,84000,85393.21
BL-00198,2025-04,Q2 2025,FY2025,Engineering,CC-105,Software,65000,64205.55
BL-00199,2025-04,Q2 2025,FY2025,Engineering,CC-106,Equipment,30000,31250.92
BL-00200,2025-04,Q2 2025,FY2025,Engineering,CC-103,Travel,15000,15471.42
BL-00201,2025-04,Q2 2025,FY2025,Engineering,CC-101,Training,12000,12590.91
BL-00202,2025-04,Q2 2025,FY2025,Engineering,CC-106,Facilities,25000,24795.79
BL-00203,2025-04,Q2 2025,FY2025,Sales,CC-108,Compensation,380000,390684.59
BL-00204,2025-04,Q2 2025,FY2025,Sales,CC-110,Benefits,76000,79487.22
BL-00205,2025-04,Q2 2025,FY2025,Sales,CC-109,Travel,45000,47178.36
BL-00206,2025-04,Q2 2025,FY2025,Sales,CC-113,Software,25000,25190.01
BL-00207,2025-04,Q2 2025,FY2025,Sales,CC-113,Training,18000,18881.79
BL-00208,2025-04,Q2 2025,FY2025,Sales,CC-112,Professional Services,15000,14658.81
BL-00209,2025-04,Q2 2025,FY2025,Sales,CC-113,Equipment,10000,10088.04
BL-00210,2025-04,Q2 2025,FY2025,Marketing,CC-119,Compensation,210000,205393.82
BL-00211,2025-04,Q2 2025,FY2025,Marketing,CC-120,Benefits,42000,43988.53
BL-00212,2025-04,Q2 2025,FY2025,Marketing,CC-117,Software,35000,36337.81
BL-00213,2025-04,Q2 2025,FY2025,Marketing,CC-117,Travel,25000,25238.05
BL-00214,2025-04,Q2 2025,FY2025,Marketing,CC-116,Professional Services,40000,42177.03
BL-00215,2025-04,Q2 2025,FY2025,Marketing,CC-115,Training,10000,9818.38
BL-00216,2025-04,Q2 2025,FY2025,Marketing,CC-115,Facilities,15000,15753.85
BL-00217,2025-04,Q2 2025,FY2025,Finance,CC-123,Compensation,160000,163109.89
BL-00218,2025-04,Q2 2025,FY2025,Finance,CC-123,Benefits,32000,32093.17
BL-00219,2025-04,Q2 2025,FY2025,Finance,CC-123,Software,20000,21031.11
BL-00220,2025-04,Q2 2025,FY2025,Finance,CC-123,Professional Services,25000,23526.01
BL-00221,2025-04,Q2 2025,FY2025,Finance,CC-127,Training,8000,7847.2
BL-00222,2025-04,Q2 2025,FY2025,Finance,CC-125,Facilities,12000,11717.63
BL-00223,2025-04,Q2 2025,FY2025,HR,CC-130,Compensation,120000,119584.29
BL-00224,2025-04,Q2 2025,FY2025,HR,CC-129,Benefits,24000,24148.68
BL-00225,2025-04,Q2 2025,FY2025,HR,CC-128,Software,15000,13872.07
BL-00226,2025-04,Q2 2025,FY2025,HR,CC-128,Professional Services,18000,17249.35
BL-00227,2025-04,Q2 2025,FY2025,HR,CC-134,Training,10000,9773.01
BL-00228,2025-04,Q2 2025,FY2025,HR,CC-130,Facilities,10000,9842.44
BL-00229,2025-04,Q2 2025,FY2025,Legal,CC-135,Compensation,140000,128853.41
BL-00230,2025-04,Q2 2025,FY2025,Legal,CC-138,Benefits,28000,28941.62
BL-00231,2025-04,Q2 2025,FY2025,Legal,CC-135,Professional Services,35000,35550.34
BL-00232,2025-04,Q2 2025,FY2025,Legal,CC-140,Software,10000,9885.01
BL-00233,2025-04,Q2 2025,FY2025,Legal,CC-141,Travel,5000,4832.75
BL-00234,2025-04,Q2 2025,FY2025,Legal,CC-139,Facilities,8000,8113.69
BL-00235,2025-04,Q2 2025,FY2025,Product,CC-147,Compensation,250000,243120.1
BL-00236,2025-04,Q2 2025,FY2025,Product,CC-147,Benefits,50000,46715.67
BL-00237,2025-04,Q2 2025,FY2025,Product,CC-147,Software,40000,40416.5
BL-00238,2025-04,Q2 2025,FY2025,Product,CC-144,Travel,12000,12361.5
BL-00239,2025-04,Q2 2025,FY2025,Product,CC-142,Equipment,15000,14525.03
BL-00240,2025-04,Q2 2025,FY2025,Product,CC-147,Training,10000,9690.61
BL-00241,2025-04,Q2 2025,FY2025,Product,CC-147,Facilities,15000,15433.15
BL-00242,2025-04,Q2 2025,FY2025,Operations,CC-152,Compensation,180000,176225.9
BL-00243,2025-04,Q2 2025,FY2025,Operations,CC-153,Benefits,36000,35231.06
BL-00244,2025-04,Q2 2025,FY2025,Operations,CC-150,Equipment,25000,26029.03
BL-00245,2025-04,Q2 2025,FY2025,Operations,CC-152,Software,18000,18285.36
BL-00246,2025-04,Q2 2025,FY2025,Operations,CC-154,Travel,10000,10414.34
BL-00247,2025-04,Q2 2025,FY2025,Operations,CC-153,Professional Services,12000,11997.39
BL-00248,2025-04,Q2 2025,FY2025,Operations,CC-151,Facilities,18000,17666.1
BL-00249,2025-04,Q2 2025,FY2025,IT,CC-158,Compensation,200000,190556.82
BL-00250,2025-04,Q2 2025,FY2025,IT,CC-158,Benefits,40000,41264.95
BL-00251,2025-04,Q2 2025,FY2025,IT,CC-160,Software,55000,55717.07
BL-00252,2025-04,Q2 2025,FY2025,IT,CC-161,Equipment,35000,36785.75
BL-00253,2025-04,Q2 2025,FY2025,IT,CC-161,Facilities,30000,29573.82
BL-00254,2025-04,Q2 2025,FY2025,IT,CC-157,Professional Services,15000,15436.71
BL-00255,2025-04,Q2 2025,FY2025,IT,CC-162,Training,8000,7574.61
BL-00256,2025-04,Q2 2025,FY2025,Executive,CC-168,Compensation,150000,149439.09
BL-00257,2025-04,Q2 2025,FY2025,Executive,CC-167,Benefits,30000,30183.17
BL-00258,2025-04,Q2 2025,FY2025,Executive,CC-168,Travel,20000,20221.1
BL-00259,2025-04,Q2 2025,FY2025,Executive,CC-169,Professional Services,10000,9818.11
BL-00260,2025-04,Q2 2025,FY2025,Executive,CC-169,Facilities,8000,7839.2
BL-00261,2025-05,Q2 2025,FY2025,Engineering,CC-106,Compensation,420000,421031.26
BL-00262,2025-05,Q2 2025,FY2025,Engineering,CC-101,Benefits,84000,86162.87
BL-00263,2025-05,Q2 2025,FY2025,Engineering,CC-103,Software,65000,65360.61
BL-00264,2025-05,Q2 2025,FY2025,Engineering,CC-104,Equipment,30000,30221.25
BL-00265,2025-05,Q2 2025,FY2025,Engineering,CC-103,Travel,15000,15102.63
BL-00266,2025-05,Q2 2025,FY2025,Engineering,CC-105,Training,12000,11886.6
BL-00267,2025-05,Q2 2025,FY2025,Engineering,CC-103,Facilities,25000,23938.5
BL-00268,2025-05,Q2 2025,FY2025,Sales,CC-110,Compensation,380000,371693.04
BL-00269,2025-05,Q2 2025,FY2025,Sales,CC-112,Benefits,76000,74959.3
BL-00270,2025-05,Q2 2025,FY2025,Sales,CC-107,Travel,45000,45449.75
BL-00271,2025-05,Q2 2025,FY2025,Sales,CC-107,Software,25000,26162.55
BL-00272,2025-05,Q2 2025,FY2025,Sales,CC-113,Training,18000,17330.79
BL-00273,2025-05,Q2 2025,FY2025,Sales,CC-112,Professional Services,15000,14750.49
BL-00274,2025-05,Q2 2025,FY2025,Sales,CC-111,Equipment,10000,10084.56
BL-00275,2025-05,Q2 2025,FY2025,Marketing,CC-120,Compensation,210000,202154.91
BL-00276,2025-05,Q2 2025,FY2025,Marketing,CC-114,Benefits,42000,42355.38
BL-00277,2025-05,Q2 2025,FY2025,Marketing,CC-119,Software,35000,33182.22
BL-00278,2025-05,Q2 2025,FY2025,Marketing,CC-118,Travel,25000,25364.33
BL-00279,2025-05,Q2 2025,FY2025,Marketing,CC-120,Professional Services,40000,41609.75
BL-00280,2025-05,Q2 2025,FY2025,Marketing,CC-117,Training,10000,9969.33
BL-00281,2025-05,Q2 2025,FY2025,Marketing,CC-118,Facilities,15000,14455.02
BL-00282,2025-05,Q2 2025,FY2025,Finance,CC-124,Compensation,160000,155025.46
BL-00283,2025-05,Q2 2025,FY2025,Finance,CC-122,Benefits,32000,32586.51
BL-00284,2025-05,Q2 2025,FY2025,Finance,CC-126,Software,20000,19338.82
BL-00285,2025-05,Q2 2025,FY2025,Finance,CC-127,Professional Services,25000,25528.72
BL-00286,2025-05,Q2 2025,FY2025,Finance,CC-122,Training,8000,7799.35
BL-00287,2025-05,Q2 2025,FY2025,Finance,CC-127,Facilities,12000,12155.25
BL-00288,2025-05,Q2 2025,FY2025,HR,CC-132,Compensation,120000,117548.92
BL-00289,2025-05,Q2 2025,FY2025,HR,CC-131,Benefits,24000,23470.04
BL-00290,2025-05,Q2 2025,FY2025,HR,CC-128,Software,15000,15032.16
BL-00291,2025-05,Q2 2025,FY2025,HR,CC-130,Professional Services,18000,17910.37
BL-00292,2025-05,Q2 2025,FY2025,HR,CC-130,Training,10000,9786.41
BL-00293,2025-05,Q2 2025,FY2025,HR,CC-129,Facilities,10000,10096.22
BL-00294,2025-05,Q2 2025,FY2025,Legal,CC-136,Compensation,140000,138928.04
BL-00295,2025-05,Q2 2025,FY2025,Legal,CC-136,Benefits,28000,27641.11
BL-00296,2025-05,Q2 2025,FY2025,Legal,CC-135,Professional Services,35000,35405.45
BL-00297,2025-05,Q2 2025,FY2025,Legal,CC-138,Software,10000,9768.64
BL-00298,2025-05,Q2 2025,FY2025,Legal,CC-138,Travel,5000,5068.54
BL-00299,2025-05,Q2 2025,FY2025,Legal,CC-138,Facilities,8000,8419.69
BL-00300,2025-05,Q2 2025,FY2025,Product,CC-148,Compensation,250000,255409.88
BL-00301,2025-05,Q2 2025,FY2025,Product,CC-148,Benefits,50000,48002.09
BL-00302,2025-05,Q2 2025,FY2025,Product,CC-148,Software,40000,39067.19
BL-00303,2025-05,Q2 2025,FY2025,Product,CC-144,Travel,12000,11635.61
BL-00304,2025-05,Q2 2025,FY2025,Product,CC-144,Equipment,15000,14765.42
BL-00305,2025-05,Q2 2025,FY2025,Product,CC-148,Training,10000,10012.84
BL-00306,2025-05,Q2 2025,FY2025,Product,CC-145,Facilities,15000,14118.31
BL-00307,2025-05,Q2 2025,FY2025,Operations,CC-155,Compensation,180000,171456.4
BL-00308,2025-05,Q2 2025,FY2025,Operations,CC-153,Benefits,36000,35581.58
BL-00309,2025-05,Q2 2025,FY2025,Operations,CC-151,Equipment,25000,25695.23
BL-00310,2025-05,Q2 2025,FY2025,Operations,CC-152,Software,18000,17625.69
BL-00311,2025-05,Q2 2025,FY2025,Operations,CC-154,Travel,10000,9703.49
BL-00312,2025-05,Q2 2025,FY2025,Operations,CC-154,Professional Services,12000,12032.19
BL-00313,2025-05,Q2 2025,FY2025,Operations,CC-155,Facilities,18000,18258.19
BL-00314,2025-05,Q2 2025,FY2025,IT,CC-159,Compensation,200000,190807.22
BL-00315,2025-05,Q2 2025,FY2025,IT,CC-160,Benefits,40000,42950.49
BL-00316,2025-05,Q2 2025,FY2025,IT,CC-156,Software,55000,52754.45
BL-00317,2025-05,Q2 2025,FY2025,IT,CC-161,Equipment,35000,36172.17
BL-00318,2025-05,Q2 2025,FY2025,IT,CC-156,Facilities,30000,29334.85
BL-00319,2025-05,Q2 2025,FY2025,IT,CC-162,Professional Services,15000,15411.4
BL-00320,2025-05,Q2 2025,FY2025,IT,CC-159,Training,8000,8127.81
BL-00321,2025-05,Q2 2025,FY2025,Executive,CC-165,Compensation,150000,151452.96
BL-00322,2025-05,Q2 2025,FY2025,Executive,CC-164,Benefits,30000,30635.37
BL-00323,2025-05,Q2 2025,FY2025,Executive,CC-166,Travel,20000,19477.44
BL-00324,2025-05,Q2 2025,FY2025,Executive,CC-165,Professional Services,10000,10076.45
BL-00325,2025-05,Q2 2025,FY2025,Executive,CC-165,Facilities,8000,8005.72
BL-00326,2025-06,Q2 2025,FY2025,Engineering,CC-106,Compensation,420000,396205.97
BL-00327,2025-06,Q2 2025,FY2025,Engineering,CC-104,Benefits,84000,84434.02
BL-00328,2025-06,Q2 2025,FY2025,Engineering,CC-100,Software,65000,65189.91
BL-00329,2025-06,Q2 2025,FY2025,Engineering,CC-105,Equipment,30000,30835.33
BL-00330,2025-06,Q2 2025,FY2025,Engineering,CC-100,Travel,15000,14999.76
BL-00331,2025-06,Q2 2025,FY2025,Engineering,CC-106,Training,12000,12101.96
BL-00332,2025-06,Q2 2025,FY2025,Engineering,CC-100,Facilities,25000,23931.55
BL-00333,2025-06,Q2 2025,FY2025,Sales,CC-107,Compensation,380000,387224.27
BL-00334,2025-06,Q2 2025,FY2025,Sales,CC-111,Benefits,76000,75526.64
BL-00335,2025-06,Q2 2025,FY2025,Sales,CC-112,Travel,45000,45403.67
BL-00336,2025-06,Q2 2025,FY2025,Sales,CC-107,Software,25000,25318.59
BL-00337,2025-06,Q2 2025,FY2025,Sales,CC-112,Training,18000,17651.52
BL-00338,2025-06,Q2 2025,FY2025,Sales,CC-109,Professional Services,15000,14876.56
BL-00339,2025-06,Q2 2025,FY2025,Sales,CC-111,Equipment,10000,10019.27
BL-00340,2025-06,Q2 2025,FY2025,Marketing,CC-119,Compensation,210000,206203.17
BL-00341,2025-06,Q2 2025,FY2025,Marketing,CC-115,Benefits,42000,41568.36
BL-00342,2025-06,Q2 2025,FY2025,Marketing,CC-116,Software,35000,33214.71
BL-00343,2025-06,Q2 2025,FY2025,Marketing,CC-116,Travel,25000,25133.11
BL-00344,2025-06,Q2 2025,FY2025,Marketing,CC-118,Professional Services,40000,40171.94
BL-00345,2025-06,Q2 2025,FY2025,Marketing,CC-117,Training,10000,9666.81
BL-00346,2025-06,Q2 2025,FY2025,Marketing,CC-119,Facilities,15000,13982.27
BL-00347,2025-06,Q2 2025,FY2025,Finance,CC-127,Compensation,160000,162050.46
BL-00348,2025-06,Q2 2025,FY2025,Finance,CC-126,Benefits,32000,33218.47
BL-00349,2025-06,Q2 2025,FY2025,Finance,CC-123,Software,20000,20041.65
BL-00350,2025-06,Q2 2025,FY2025,Finance,CC-127,Professional Services,25000,26158.14
BL-00351,2025-06,Q2 2025,FY2025,Finance,CC-127,Training,8000,7825.66
BL-00352,2025-06,Q2 2025,FY2025,Finance,CC-125,Facilities,12000,11403.31
BL-00353,2025-06,Q2 2025,FY2025,HR,CC-131,Compensation,120000,120677.01
BL-00354,2025-06,Q2 2025,FY2025,HR,CC-133,Benefits,24000,23348.96
BL-00355,2025-06,Q2 2025,FY2025,HR,CC-130,Software,15000,14632.78
BL-00356,2025-06,Q2 2025,FY2025,HR,CC-128,Professional Services,18000,18465.89
BL-00357,2025-06,Q2 2025,FY2025,HR,CC-128,Training,10000,10326.59
BL-00358,2025-06,Q2 2025,FY2025,HR,CC-131,Facilities,10000,9547.95
BL-00359,2025-06,Q2 2025,FY2025,Legal,CC-141,Compensation,140000,145787.52
BL-00360,2025-06,Q2 2025,FY2025,Legal,CC-138,Benefits,28000,27708.9
BL-00361,2025-06,Q2 2025,FY2025,Legal,CC-140,Professional Services,35000,34702.41
BL-00362,2025-06,Q2 2025,FY2025,Legal,CC-139,Software,10000,9690.66
BL-00363,2025-06,Q2 2025,FY2025,Legal,CC-141,Travel,5000,5116.24
BL-00364,2025-06,Q2 2025,FY2025,Legal,CC-139,Facilities,8000,7959.01
BL-00365,2025-06,Q2 2025,FY2025,Product,CC-148,Compensation,250000,251293.34
BL-00366,2025-06,Q2 2025,FY2025,Product,CC-147,Benefits,50000,48342.67
BL-00367,2025-06,Q2 2025,FY2025,Product,CC-143,Software,40000,39115.18
BL-00368,2025-06,Q2 2025,FY2025,Product,CC-148,Travel,12000,11825.7
BL-00369,2025-06,Q2 2025,FY2025,Product,CC-145,Equipment,15000,15333.65
BL-00370,2025-06,Q2 2025,FY2025,Product,CC-143,Training,10000,9903.12
BL-00371,2025-06,Q2 2025,FY2025,Product,CC-147,Facilities,15000,15001.75
BL-00372,2025-06,Q2 2025,FY2025,Operations,CC-152,Compensation,180000,172985.76
BL-00373,2025-06,Q2 2025,FY2025,Operations,CC-151,Benefits,36000,35348.51
BL-00374,2025-06,Q2 2025,FY2025,Operations,CC-150,Equipment,25000,25749.91
BL-00375,2025-06,Q2 2025,FY2025,Operations,CC-151,Software,18000,17496.0
BL-00376,2025-06,Q2 2025,FY2025,Operations,CC-151,Travel,10000,10021.95
BL-00377,2025-06,Q2 2025,FY2025,Operations,CC-151,Professional Services,12000,11910.18
BL-00378,2025-06,Q2 2025,FY2025,Operations,CC-153,Facilities,18000,18714.6
BL-00379,2025-06,Q2 2025,FY2025,IT,CC-156,Compensation,200000,214563.32
BL-00380,2025-06,Q2 2025,FY2025,IT,CC-157,Benefits,40000,40186.03
BL-00381,2025-06,Q2 2025,FY2025,IT,CC-162,Software,55000,54642.83
BL-00382,2025-06,Q2 2025,FY2025,IT,CC-157,Equipment,35000,33805.46
BL-00383,2025-06,Q2 2025,FY2025,IT,CC-159,Facilities,30000,29527.21
BL-00384,2025-06,Q2 2025,FY2025,IT,CC-159,Professional Services,15000,14396.19
BL-00385,2025-06,Q2 2025,FY2025,IT,CC-157,Training,8000,8028.27
BL-00386,2025-06,Q2 2025,FY2025,Executive,CC-166,Compensation,150000,148083.03
BL-00387,2025-06,Q2 2025,FY2025,Executive,CC-167,Benefits,30000,29724.75
BL-00388,2025-06,Q2 2025,FY2025,Executive,CC-165,Travel,20000,19520.89
BL-00389,2025-06,Q2 2025,FY2025,Executive,CC-166,Professional Services,10000,9636.07
BL-00390,2025-06,Q2 2025,FY2025,Executive,CC-168,Facilities,8000,8049.38
BL-00391,2025-07,Q3 2025,FY2025,Engineering,CC-102,Compensation,420000,440801.5
BL-00392,2025-07,Q3 2025,FY2025,Engineering,CC-100,Benefits,84000,87437.55
BL-00393,2025-07,Q3 2025,FY2025,Engineering,CC-105,Software,65000,64695.29
BL-00394,2025-07,Q3 2025,FY2025,Engineering,CC-104,Equipment,30000,29229.01
BL-00395,2025-07,Q3 2025,FY2025,Engineering,CC-101,Travel,15000,15656.32
BL-00396,2025-07,Q3 2025,FY2025,Engineering,CC-101,Training,12000,11832.59
BL-00397,2025-07,Q3 2025,FY2025,Engineering,CC-104,Facilities,25000,24956.83
BL-00398,2025-07,Q3 2025,FY2025,Sales,CC-111,Compensation,380000,407589.72
BL-00399,2025-07,Q3 2025,FY2025,Sales,CC-109,Benefits,76000,75934.93
BL-00400,2025-07,Q3 2025,FY2025,Sales,CC-108,Travel,45000,42835.36
BL-00401,2025-07,Q3 2025,FY2025,Sales,CC-112,Software,25000,24591.68
BL-00402,2025-07,Q3 2025,FY2025,Sales,CC-111,Training,18000,18351.39
BL-00403,2025-07,Q3 2025,FY2025,Sales,CC-107,Professional Services,15000,15096.15
BL-00404,2025-07,Q3 2025,FY2025,Sales,CC-111,Equipment,10000,10065.39
BL-00405,2025-07,Q3 2025,FY2025,Marketing,CC-120,Compensation,210000,223660.33
BL-00406,2025-07,Q3 2025,FY2025,Marketing,CC-120,Benefits,42000,47599.51
BL-00407,2025-07,Q3 2025,FY2025,Marketing,CC-117,Software,35000,35856.33
BL-00408,2025-07,Q3 2025,FY2025,Marketing,CC-117,Travel,25000,25047.23
BL-00409,2025-07,Q3 2025,FY2025,Marketing,CC-116,Professional Services,40000,38319.86
BL-00410,2025-07,Q3 2025,FY2025,Marketing,CC-120,Training,10000,10655.42
BL-00411,2025-07,Q3 2025,FY2025,Marketing,CC-117,Facilities,15000,14171.94
BL-00412,2025-07,Q3 2025,FY2025,Finance,CC-125,Compensation,160000,174090.39
BL-00413,2025-07,Q3 2025,FY2025,Finance,CC-125,Benefits,32000,33241.95
BL-00414,2025-07,Q3 2025,FY2025,Finance,CC-123,Software,20000,19855.28
BL-00415,2025-07,Q3 2025,FY2025,Finance,CC-125,Professional Services,25000,25487.29
BL-00416,2025-07,Q3 2025,FY2025,Finance,CC-127,Training,8000,8092.46
BL-00417,2025-07,Q3 2025,FY2025,Finance,CC-125,Facilities,12000,11580.93
BL-00418,2025-07,Q3 2025,FY2025,HR,CC-132,Compensation,120000,130888.36
BL-00419,2025-07,Q3 2025,FY2025,HR,CC-132,Benefits,24000,24035.34
BL-00420,2025-07,Q3 2025,FY2025,HR,CC-131,Software,15000,15671.99
BL-00421,2025-07,Q3 2025,FY2025,HR,CC-132,Professional Services,18000,17743.5
BL-00422,2025-07,Q3 2025,FY2025,HR,CC-133,Training,10000,10392.87
BL-00423,2025-07,Q3 2025,FY2025,HR,CC-133,Facilities,10000,10413.12
BL-00424,2025-07,Q3 2025,FY2025,Legal,CC-140,Compensation,140000,154026.09
BL-00425,2025-07,Q3 2025,FY2025,Legal,CC-136,Benefits,28000,30314.85
BL-00426,2025-07,Q3 2025,FY2025,Legal,CC-135,Professional Services,35000,35379.71
BL-00427,2025-07,Q3 2025,FY2025,Legal,CC-138,Software,10000,9614.97
BL-00428,2025-07,Q3 2025,FY2025,Legal,CC-137,Travel,5000,5124.7
BL-00429,2025-07,Q3 2025,FY2025,Legal,CC-137,Facilities,8000,8193.71
BL-00430,2025-07,Q3 2025,FY2025,Product,CC-145,Compensation,250000,273400.0
BL-00431,2025-07,Q3 2025,FY2025,Product,CC-148,Benefits,50000,53565.13
BL-00432,2025-07,Q3 2025,FY2025,Product,CC-147,Software,40000,40378.4
BL-00433,2025-07,Q3 2025,FY2025,Product,CC-143,Travel,12000,11450.87
BL-00434,2025-07,Q3 2025,FY2025,Product,CC-145,Equipment,15000,14565.66
BL-00435,2025-07,Q3 2025,FY2025,Product,CC-143,Training,10000,10160.79
BL-00436,2025-07,Q3 2025,FY2025,Product,CC-144,Facilities,15000,15212.04
BL-00437,2025-07,Q3 2025,FY2025,Operations,CC-151,Compensation,180000,193021.41
BL-00438,2025-07,Q3 2025,FY2025,Operations,CC-155,Benefits,36000,37904.89
BL-00439,2025-07,Q3 2025,FY2025,Operations,CC-149,Equipment,25000,24438.65
BL-00440,2025-07,Q3 2025,FY2025,Operations,CC-152,Software,18000,17812.26
BL-00441,2025-07,Q3 2025,FY2025,Operations,CC-151,Travel,10000,9825.1
BL-00442,2025-07,Q3 2025,FY2025,Operations,CC-153,Professional Services,12000,11482.51
BL-00443,2025-07,Q3 2025,FY2025,Operations,CC-153,Facilities,18000,17438.69
BL-00444,2025-07,Q3 2025,FY2025,IT,CC-159,Compensation,200000,210619.73
BL-00445,2025-07,Q3 2025,FY2025,IT,CC-157,Benefits,40000,41476.47
BL-00446,2025-07,Q3 2025,FY2025,IT,CC-161,Software,55000,52765.6
BL-00447,2025-07,Q3 2025,FY2025,IT,CC-156,Equipment,35000,35706.51
BL-00448,2025-07,Q3 2025,FY2025,IT,CC-162,Facilities,30000,28989.95
BL-00449,2025-07,Q3 2025,FY2025,IT,CC-156,Professional Services,15000,14832.69
BL-00450,2025-07,Q3 2025,FY2025,IT,CC-162,Training,8000,7832.03
BL-00451,2025-07,Q3 2025,FY2025,Executive,CC-165,Compensation,150000,163126.08
BL-00452,2025-07,Q3 2025,FY2025,Executive,CC-167,Benefits,30000,30355.74
BL-00453,2025-07,Q3 2025,FY2025,Executive,CC-163,Travel,20000,18987.22
BL-00454,2025-07,Q3 2025,FY2025,Executive,CC-166,Professional Services,10000,10215.8
BL-00455,2025-07,Q3 2025,FY2025,Executive,CC-168,Facilities,8000,7875.22
BL-00456,2025-08,Q3 2025,FY2025,Engineering,CC-101,Compensation,420000,456815.64
BL-00457,2025-08,Q3 2025,FY2025,Engineering,CC-103,Benefits,84000,86369.13
BL-00458,2025-08,Q3 2025,FY2025,Engineering,CC-106,Software,65000,67630.34
BL-00459,2025-08,Q3 2025,FY2025,Engineering,CC-100,Equipment,30000,30016.22
BL-00460,2025-08,Q3 2025,FY2025,Engineering,CC-102,Travel,15000,14877.22
BL-00461,2025-08,Q3 2025,FY2025,Engineering,CC-106,Training,12000,11997.31
BL-00462,2025-08,Q3 2025,FY2025,Engineering,CC-103,Facilities,25000,25372.26
BL-00463,2025-08,Q3 2025,FY2025,Sales,CC-113,Compensation,380000,417727.13
BL-00464,2025-08,Q3 2025,FY2025,Sales,CC-110,Benefits,76000,77298.02
BL-00465,2025-08,Q3 2025,FY2025,Sales,CC-111,Travel,45000,46538.28
BL-00466,2025-08,Q3 2025,FY2025,Sales,CC-113,Software,25000,25302.86
BL-00467,2025-08,Q3 2025,FY2025,Sales,CC-107,Training,18000,17416.69
BL-00468,2025-08,Q3 2025,FY2025,Sales,CC-108,Professional Services,15000,15004.6
BL-00469,2025-08,Q3 2025,FY2025,Sales,CC-109,Equipment,10000,9982.99
BL-00470,2025-08,Q3 2025,FY2025,Marketing,CC-119,Compensation,210000,229857.1
BL-00471,2025-08,Q3 2025,FY2025,Marketing,CC-120,Benefits,42000,44415.07
BL-00472,2025-08,Q3 2025,FY2025,Marketing,CC-115,Software,35000,35024.38
BL-00473,2025-08,Q3 2025,FY2025,Marketing,CC-114,Travel,25000,24838.23
BL-00474,2025-08,Q3 2025,FY2025,Marketing,CC-118,Professional Services,40000,38997.6
BL-00475,2025-08,Q3 2025,FY2025,Marketing,CC-120,Training,10000,9820.75
BL-00476,2025-08,Q3 2025,FY2025,Marketing,CC-114,Facilities,15000,15175.44
BL-00477,2025-08,Q3 2025,FY2025,Finance,CC-124,Compensation,160000,172378.86
BL-00478,2025-08,Q3 2025,FY2025,Finance,CC-123,Benefits,32000,34597.81
BL-00479,2025-08,Q3 2025,FY2025,Finance,CC-127,Software,20000,19521.19
BL-00480,2025-08,Q3 2025,FY2025,Finance,CC-124,Professional Services,25000,24966.6
BL-00481,2025-08,Q3 2025,FY2025,Finance,CC-125,Training,8000,8178.01
BL-00482,2025-08,Q3 2025,FY2025,Finance,CC-122,Facilities,12000,11966.68
BL-00483,2025-08,Q3 2025,FY2025,HR,CC-129,Compensation,120000,123104.0
BL-00484,2025-08,Q3 2025,FY2025,HR,CC-130,Benefits,24000,26956.38
BL-00485,2025-08,Q3 2025,FY2025,HR,CC-130,Software,15000,15125.44
BL-00486,2025-08,Q3 2025,FY2025,HR,CC-134,Professional Services,18000,16950.64
BL-00487,2025-08,Q3 2025,FY2025,HR,CC-130,Training,10000,9444.59
BL-00488,2025-08,Q3 2025,FY2025,HR,CC-133,Facilities,10000,9972.98
BL-00489,2025-08,Q3 2025,FY2025,Legal,CC-138,Compensation,140000,152148.55
BL-00490,2025-08,Q3 2025,FY2025,Legal,CC-138,Benefits,28000,31234.02
BL-00491,2025-08,Q3 2025,FY2025,Legal,CC-139,Professional Services,35000,34062.12
BL-00492,2025-08,Q3 2025,FY2025,Legal,CC-141,Software,10000,9933.74
BL-00493,2025-08,Q3 2025,FY2025,Legal,CC-137,Travel,5000,4840.76
BL-00494,2025-08,Q3 2025,FY2025,Legal,CC-141,Facilities,8000,7928.7
BL-00495,2025-08,Q3 2025,FY2025,Product,CC-143,Compensation,250000,275440.0
BL-00496,2025-08,Q3 2025,FY2025,Product,CC-145,Benefits,50000,56020.99
BL-00497,2025-08,Q3 2025,FY2025,Product,CC-147,Software,40000,41908.87
BL-00498,2025-08,Q3 2025,FY2025,Product,CC-148,Travel,12000,12161.11
BL-00499,2025-08,Q3 2025,FY2025,Product,CC-148,Equipment,15000,14013.41
BL-00500,2025-08,Q3 2025,FY2025,Product,CC-148,Training,10000,10608.14
BL-00501,2025-08,Q3 2025,FY2025,Product,CC-142,Facilities,15000,14850.72
BL-00502,2025-08,Q3 2025,FY2025,Operations,CC-153,Compensation,180000,189011.69
BL-00503,2025-08,Q3 2025,FY2025,Operations,CC-149,Benefits,36000,38394.06
BL-00504,2025-08,Q3 2025,FY2025,Operations,CC-153,Equipment,25000,25300.17
BL-00505,2025-08,Q3 2025,FY2025,Operations,CC-150,Software,18000,18080.33
BL-00506,2025-08,Q3 2025,FY2025,Operations,CC-152,Travel,10000,9971.85
BL-00507,2025-08,Q3 2025,FY2025,Operations,CC-149,Professional Services,12000,12656.55
BL-00508,2025-08,Q3 2025,FY2025,Operations,CC-152,Facilities,18000,16963.51
BL-00509,2025-08,Q3 2025,FY2025,IT,CC-159,Compensation,200000,217991.34
BL-00510,2025-08,Q3 2025,FY2025,IT,CC-162,Benefits,40000,41655.52
BL-00511,2025-08,Q3 2025,FY2025,IT,CC-160,Software,55000,53828.84
BL-00512,2025-08,Q3 2025,FY2025,IT,CC-159,Equipment,35000,36385.09
BL-00513,2025-08,Q3 2025,FY2025,IT,CC-162,Facilities,30000,31211.52
BL-00514,2025-08,Q3 2025,FY2025,IT,CC-159,Professional Services,15000,14820.45
BL-00515,2025-08,Q3 2025,FY2025,IT,CC-156,Training,8000,8045.13
BL-00516,2025-08,Q3 2025,FY2025,Executive,CC-168,Compensation,150000,159473.49
BL-00517,2025-08,Q3 2025,FY2025,Executive,CC-166,Benefits,30000,35019.16
BL-00518,2025-08,Q3 2025,FY2025,Executive,CC-163,Travel,20000,19012.46
BL-00519,2025-08,Q3 2025,FY2025,Executive,CC-163,Professional Services,10000,10030.47
BL-00520,2025-08,Q3 2025,FY2025,Executive,CC-166,Facilities,8000,7626.36
BL-00521,2025-09,Q3 2025,FY2025,Engineering,CC-102,Compensation,420000,451345.2
BL-00522,2025-09,Q3 2025,FY2025,Engineering,CC-102,Benefits,84000,92006.44
BL-00523,2025-09,Q3 2025,FY2025,Engineering,CC-101,Software,65000,63696.12
BL-00524,2025-09,Q3 2025,FY2025,Engineering,CC-104,Equipment,30000,30741.91
BL-00525,2025-09,Q3 2025,FY2025,Engineering,CC-101,Travel,15000,14420.36
BL-00526,2025-09,Q3 2025,FY2025,Engineering,CC-101,Training,12000,12285.96
BL-00527,2025-09,Q3 2025,FY2025,Engineering,CC-103,Facilities,25000,25466.54
BL-00528,2025-09,Q3 2025,FY2025,Sales,CC-108,Compensation,380000,427333.51
BL-00529,2025-09,Q3 2025,FY2025,Sales,CC-112,Benefits,76000,76581.29
BL-00530,2025-09,Q3 2025,FY2025,Sales,CC-109,Travel,45000,45026.18
BL-00531,2025-09,Q3 2025,FY2025,Sales,CC-113,Software,25000,23923.69
BL-00532,2025-09,Q3 2025,FY2025,Sales,CC-110,Training,18000,18201.2
BL-00533,2025-09,Q3 2025,FY2025,Sales,CC-108,Professional Services,15000,15550.79
BL-00534,2025-09,Q3 2025,FY2025,Sales,CC-107,Equipment,10000,9737.46
BL-00535,2025-09,Q3 2025,FY2025,Marketing,CC-119,Compensation,210000,221666.41
BL-00536,2025-09,Q3 2025,FY2025,Marketing,CC-119,Benefits,42000,45744.18
BL-00537,2025-09,Q3 2025,FY2025,Marketing,CC-115,Software,35000,34998.75
BL-00538,2025-09,Q3 2025,FY2025,Marketing,CC-117,Travel,25000,26448.99
BL-00539,2025-09,Q3 2025,FY2025,Marketing,CC-117,Professional Services,40000,40344.58
BL-00540,2025-09,Q3 2025,FY2025,Marketing,CC-118,Training,10000,9886.51
BL-00541,2025-09,Q3 2025,FY2025,Marketing,CC-119,Facilities,15000,14761.64
BL-00542,2025-09,Q3 2025,FY2025,Finance,CC-127,Compensation,160000,174827.7
BL-00543,2025-09,Q3 2025,FY2025,Finance,CC-126,Benefits,32000,33558.86
BL-00544,2025-09,Q3 2025,FY2025,Finance,CC-127,Software,20000,19597.06
BL-00545,2025-09,Q3 2025,FY2025,Finance,CC-125,Professional Services,25000,24992.03
BL-00546,2025-09,Q3 2025,FY2025,Finance,CC-126,Training,8000,7923.93
BL-00547,2025-09,Q3 2025,FY2025,Finance,CC-123,Facilities,12000,11220.53
BL-00548,2025-09,Q3 2025,FY2025,HR,CC-129,Compensation,120000,131098.45
BL-00549,2025-09,Q3 2025,FY2025,HR,CC-132,Benefits,24000,25011.92
BL-00550,2025-09,Q3 2025,FY2025,HR,CC-130,Software,15000,14738.65
BL-00551,2025-09,Q3 2025,FY2025,HR,CC-133,Professional Services,18000,17621.73
BL-00552,2025-09,Q3 2025,FY2025,HR,CC-133,Training,10000,9569.22
BL-00553,2025-09,Q3 2025,FY2025,HR,CC-133,Facilities,10000,10222.4
BL-00554,2025-09,Q3 2025,FY2025,Legal,CC-137,Compensation,140000,146566.86
BL-00555,2025-09,Q3 2025,FY2025,Legal,CC-136,Benefits,28000,29584.08
BL-00556,2025-09,Q3 2025,FY2025,Legal,CC-135,Professional Services,35000,34734.47
BL-00557,2025-09,Q3 2025,FY2025,Legal,CC-138,Software,10000,10224.97
BL-00558,2025-09,Q3 2025,FY2025,Legal,CC-136,Travel,5000,4928.25
BL-00559,2025-09,Q3 2025,FY2025,Legal,CC-137,Facilities,8000,8128.33
BL-00560,2025-09,Q3 2025,FY2025,Product,CC-144,Compensation,250000,283883.83
BL-00561,2025-09,Q3 2025,FY2025,Product,CC-145,Benefits,50000,54250.22
BL-00562,2025-09,Q3 2025,FY2025,Product,CC-148,Software,40000,39190.84
BL-00563,2025-09,Q3 2025,FY2025,Product,CC-148,Travel,12000,11796.34
BL-00564,2025-09,Q3 2025,FY2025,Product,CC-142,Equipment,15000,15873.34
BL-00565,2025-09,Q3 2025,FY2025,Product,CC-148,Training,10000,9883.64
BL-00566,2025-09,Q3 2025,FY2025,Product,CC-143,Facilities,15000,15035.2
BL-00567,2025-09,Q3 2025,FY2025,Operations,CC-155,Compensation,180000,203934.94
BL-00568,2025-09,Q3 2025,FY2025,Operations,CC-151,Benefits,36000,37167.57
BL-00569,2025-09,Q3 2025,FY2025,Operations,CC-151,Equipment,25000,25633.63
BL-00570,2025-09,Q3 2025,FY2025,Operations,CC-153,Software,18000,18290.74
BL-00571,2025-09,Q3 2025,FY2025,Operations,CC-154,Travel,10000,10205.22
BL-00572,2025-09,Q3 2025,FY2025,Operations,CC-154,Professional Services,12000,12241.93
BL-00573,2025-09,Q3 2025,FY2025,Operations,CC-154,Facilities,18000,17959.62
BL-00574,2025-09,Q3 2025,FY2025,IT,CC-156,Compensation,200000,225954.05
BL-00575,2025-09,Q3 2025,FY2025,IT,CC-160,Benefits,40000,41934.86
BL-00576,2025-09,Q3 2025,FY2025,IT,CC-158,Software,55000,53340.6
BL-00577,2025-09,Q3 2025,FY2025,IT,CC-156,Equipment,35000,35639.95
BL-00578,2025-09,Q3 2025,FY2025,IT,CC-161,Facilities,30000,29676.79
BL-00579,2025-09,Q3 2025,FY2025,IT,CC-158,Professional Services,15000,15441.37
BL-00580,2025-09,Q3 2025,FY2025,IT,CC-161,Training,8000,7529.68
BL-00581,2025-09,Q3 2025,FY2025,Executive,CC-165,Compensation,150000,162404.27
BL-00582,2025-09,Q3 2025,FY2025,Executive,CC-163,Benefits,30000,32685.68
BL-00583,2025-09,Q3 2025,FY2025,Executive,CC-164,Travel,20000,21027.03
BL-00584,2025-09,Q3 2025,FY2025,Executive,CC-166,Professional Services,10000,10359.42
BL-00585,2025-09,Q3 2025,FY2025,Executive,CC-168,Facilities,8000,7657.45
BL-00586,2025-10,Q4 2025,FY2025,Engineering,CC-105,Compensation,420000,425391.43
BL-00587,2025-10,Q4 2025,FY2025,Engineering,CC-105,Benefits,84000,86476.78
BL-00588,2025-10,Q4 2025,FY2025,Engineering,CC-105,Software,65000,64323.22
BL-00589,2025-10,Q4 2025,FY2025,Engineering,CC-100,Equipment,30000,30526.05
BL-00590,2025-10,Q4 2025,FY2025,Engineering,CC-106,Travel,15000,15384.55
BL-00591,2025-10,Q4 2025,FY2025,Engineering,CC-102,Training,12000,11632.13
BL-00592,2025-10,Q4 2025,FY2025,Engineering,CC-100,Facilities,25000,25051.38
BL-00593,2025-10,Q4 2025,FY2025,Sales,CC-110,Compensation,380000,377075.65
BL-00594,2025-10,Q4 2025,FY2025,Sales,CC-108,Benefits,76000,74515.14
BL-00595,2025-10,Q4 2025,FY2025,Sales,CC-112,Travel,45000,45379.91
BL-00596,2025-10,Q4 2025,FY2025,Sales,CC-109,Software,25000,24729.49
BL-00597,2025-10,Q4 2025,FY2025,Sales,CC-109,Training,18000,16567.24
BL-00598,2025-10,Q4 2025,FY2025,Sales,CC-107,Professional Services,15000,14657.46
BL-00599,2025-10,Q4 2025,FY2025,Sales,CC-107,Equipment,10000,9843.88
BL-00600,2025-10,Q4 2025,FY2025,Marketing,CC-120,Compensation,210000,212441.11
BL-00601,2025-10,Q4 2025,FY2025,Marketing,CC-115,Benefits,42000,42248.34
BL-00602,2025-10,Q4 2025,FY2025,Marketing,CC-119,Software,35000,34588.68
BL-00603,2025-10,Q4 2025,FY2025,Marketing,CC-114,Travel,25000,23722.39
BL-00604,2025-10,Q4 2025,FY2025,Marketing,CC-120,Professional Services,40000,37544.98
BL-00605,2025-10,Q4 2025,FY2025,Marketing,CC-120,Training,10000,9549.45
BL-00606,2025-10,Q4 2025,FY2025,Marketing,CC-118,Facilities,15000,16167.57
BL-00607,2025-10,Q4 2025,FY2025,Finance,CC-125,Compensation,160000,162509.03
BL-00608,2025-10,Q4 2025,FY2025,Finance,CC-122,Benefits,32000,33735.59
BL-00609,2025-10,Q4 2025,FY2025,Finance,CC-122,Software,20000,19059.1
BL-00610,2025-10,Q4 2025,FY2025,Finance,CC-123,Professional Services,25000,24290.58
BL-00611,2025-10,Q4 2025,FY2025,Finance,CC-125,Training,8000,8064.53
BL-00612,2025-10,Q4 2025,FY2025,Finance,CC-121,Facilities,12000,11372.72
BL-00613,2025-10,Q4 2025,FY2025,HR,CC-129,Compensation,120000,118234.08
BL-00614,2025-10,Q4 2025,FY2025,HR,CC-132,Benefits,24000,26040.69
BL-00615,2025-10,Q4 2025,FY2025,HR,CC-133,Software,15000,14998.85
BL-00616,2025-10,Q4 2025,FY2025,HR,CC-134,Professional Services,18000,18334.42
BL-00617,2025-10,Q4 2025,FY2025,HR,CC-134,Training,10000,10051.23
BL-00618,2025-10,Q4 2025,FY2025,HR,CC-134,Facilities,10000,10008.37
BL-00619,2025-10,Q4 2025,FY2025,Legal,CC-136,Compensation,140000,140281.44
BL-00620,2025-10,Q4 2025,FY2025,Legal,CC-137,Benefits,28000,28740.9
BL-00621,2025-10,Q4 2025,FY2025,Legal,CC-139,Professional Services,35000,36634.9
BL-00622,2025-10,Q4 2025,FY2025,Legal,CC-135,Software,10000,10159.6
BL-00623,2025-10,Q4 2025,FY2025,Legal,CC-141,Travel,5000,4995.35
BL-00624,2025-10,Q4 2025,FY2025,Legal,CC-137,Facilities,8000,7727.15
BL-00625,2025-10,Q4 2025,FY2025,Product,CC-146,Compensation,250000,246408.22
BL-00626,2025-10,Q4 2025,FY2025,Product,CC-143,Benefits,50000,49940.11
BL-00627,2025-10,Q4 2025,FY2025,Product,CC-148,Software,40000,40336.51
BL-00628,2025-10,Q4 2025,FY2025,Product,CC-148,Travel,12000,11963.95
BL-00629,2025-10,Q4 2025,FY2025,Product,CC-147,Equipment,15000,14793.47
BL-00630,2025-10,Q4 2025,FY2025,Product,CC-142,Training,10000,9786.31
BL-00631,2025-10,Q4 2025,FY2025,Product,CC-145,Facilities,15000,15476.78
BL-00632,2025-10,Q4 2025,FY2025,Operations,CC-152,Compensation,180000,182299.66
BL-00633,2025-10,Q4 2025,FY2025,Operations,CC-152,Benefits,36000,35510.0
BL-00634,2025-10,Q4 2025,FY2025,Operations,CC-149,Equipment,25000,24198.55
BL-00635,2025-10,Q4 2025,FY2025,Operations,CC-150,Software,18000,18383.93
BL-00636,2025-10,Q4 2025,FY2025,Operations,CC-149,Travel,10000,9843.53
BL-00637,2025-10,Q4 2025,FY2025,Operations,CC-153,Professional Services,12000,12353.53
BL-00638,2025-10,Q4 2025,FY2025,Operations,CC-153,Facilities,18000,18538.29
BL-00639,2025-10,Q4 2025,FY2025,IT,CC-160,Compensation,200000,198615.89
BL-00640,2025-10,Q4 2025,FY2025,IT,CC-160,Benefits,40000,38857.93
BL-00641,2025-10,Q4 2025,FY2025,IT,CC-159,Software,55000,54454.86
BL-00642,2025-10,Q4 2025,FY2025,IT,CC-156,Equipment,35000,36196.94
BL-00643,2025-10,Q4 2025,FY2025,IT,CC-161,Facilities,30000,30118.67
BL-00644,2025-10,Q4 2025,FY2025,IT,CC-161,Professional Services,15000,14786.25
BL-00645,2025-10,Q4 2025,FY2025,IT,CC-162,Training,8000,8218.48
BL-00646,2025-10,Q4 2025,FY2025,Executive,CC-164,Compensation,150000,146040.44
BL-00647,2025-10,Q4 2025,FY2025,Executive,CC-166,Benefits,30000,28295.32
BL-00648,2025-10,Q4 2025,FY2025,Executive,CC-165,Travel,20000,20534.16
BL-00649,2025-10,Q4 2025,FY2025,Executive,CC-168,Professional Services,10000,10141.46
BL-00650,2025-10,Q4 2025,FY2025,Executive,CC-163,Facilities,8000,7786.0
BL-00651,2025-11,Q4 2025,FY2025,Engineering,CC-102,Compensation,420000,415822.64
BL-00652,2025-11,Q4 2025,FY2025,Engineering,CC-102,Benefits,84000,86015.27
BL-00653,2025-11,Q4 2025,FY2025,Engineering,CC-103,Software,65000,67845.98
BL-00654,2025-11,Q4 2025,FY2025,Engineering,CC-100,Equipment,30000,29605.76
BL-00655,2025-11,Q4 2025,FY2025,Engineering,CC-103,Travel,15000,15159.72
BL-00656,2025-11,Q4 2025,FY2025,Engineering,CC-100,Training,12000,12082.47
BL-00657,2025-11,Q4 2025,FY2025,Engineering,CC-101,Facilities,25000,24975.38
BL-00658,2025-11,Q4 2025,FY2025,Sales,CC-111,Compensation,380000,368997.88
BL-00659,2025-11,Q4 2025,FY2025,Sales,CC-111,Benefits,76000,81310.87
BL-00660,2025-11,Q4 2025,FY2025,Sales,CC-109,Travel,45000,46244.6
BL-00661,2025-11,Q4 2025,FY2025,Sales,CC-113,Software,25000,24628.41
BL-00662,2025-11,Q4 2025,FY2025,Sales,CC-112,Training,18000,17513.24
BL-00663,2025-11,Q4 2025,FY2025,Sales,CC-112,Professional Services,15000,15439.96
BL-00664,2025-11,Q4 2025,FY2025,Sales,CC-107,Equipment,10000,9886.27
BL-00665,2025-11,Q4 2025,FY2025,Marketing,CC-116,Compensation,210000,218365.6
BL-00666,2025-11,Q4 2025,FY2025,Marketing,CC-114,Benefits,42000,41663.35
BL-00667,2025-11,Q4 2025,FY2025,Marketing,CC-119,Software,35000,34359.07
BL-00668,2025-11,Q4 2025,FY2025,Marketing,CC-117,Travel,25000,24756.06
BL-00669,2025-11,Q4 2025,FY2025,Marketing,CC-120,Professional Services,40000,40092.54
BL-00670,2025-11,Q4 2025,FY2025,Marketing,CC-118,Training,10000,10141.71
BL-00671,2025-11,Q4 2025,FY2025,Marketing,CC-118,Facilities,15000,14486.17
BL-00672,2025-11,Q4 2025,FY2025,Finance,CC-122,Compensation,160000,166018.72
BL-00673,2025-11,Q4 2025,FY2025,Finance,CC-127,Benefits,32000,32652.39
BL-00674,2025-11,Q4 2025,FY2025,Finance,CC-127,Software,20000,18915.2
BL-00675,2025-11,Q4 2025,FY2025,Finance,CC-125,Professional Services,25000,24188.71
BL-00676,2025-11,Q4 2025,FY2025,Finance,CC-121,Training,8000,7750.86
BL-00677,2025-11,Q4 2025,FY2025,Finance,CC-126,Facilities,12000,11591.64
BL-00678,2025-11,Q4 2025,FY2025,HR,CC-130,Compensation,120000,116664.98
BL-00679,2025-11,Q4 2025,FY2025,HR,CC-134,Benefits,24000,24565.79
BL-00680,2025-11,Q4 2025,FY2025,HR,CC-130,Software,15000,15065.05
BL-00681,2025-11,Q4 2025,FY2025,HR,CC-129,Professional Services,18000,18442.35
BL-00682,2025-11,Q4 2025,FY2025,HR,CC-134,Training,10000,9867.97
BL-00683,2025-11,Q4 2025,FY2025,HR,CC-128,Facilities,10000,10272.91
BL-00684,2025-11,Q4 2025,FY2025,Legal,CC-136,Compensation,140000,144815.42
BL-00685,2025-11,Q4 2025,FY2025,Legal,CC-135,Benefits,28000,27872.73
BL-00686,2025-11,Q4 2025,FY2025,Legal,CC-140,Professional Services,35000,32199.3
BL-00687,2025-11,Q4 2025,FY2025,Legal,CC-138,Software,10000,9713.88
BL-00688,2025-11,Q4 2025,FY2025,Legal,CC-137,Travel,5000,4972.26
BL-00689,2025-11,Q4 2025,FY2025,Legal,CC-137,Facilities,8000,8113.97
BL-00690,2025-11,Q4 2025,FY2025,Product,CC-148,Compensation,250000,255415.39
BL-00691,2025-11,Q4 2025,FY2025,Product,CC-142,Benefits,50000,51884.8
BL-00692,2025-11,Q4 2025,FY2025,Product,CC-143,Software,40000,39418.38
BL-00693,2025-11,Q4 2025,FY2025,Product,CC-147,Travel,12000,12274.38
BL-00694,2025-11,Q4 2025,FY2025,Product,CC-142,Equipment,15000,15521.48
BL-00695,2025-11,Q4 2025,FY2025,Product,CC-145,Training,10000,9938.84
BL-00696,2025-11,Q4 2025,FY2025,Product,CC-146,Facilities,15000,15656.37
BL-00697,2025-11,Q4 2025,FY2025,Operations,CC-155,Compensation,180000,175969.22
BL-00698,2025-11,Q4 2025,FY2025,Operations,CC-153,Benefits,36000,36307.26
BL-00699,2025-11,Q4 2025,FY2025,Operations,CC-151,Equipment,25000,25600.32
BL-00700,2025-11,Q4 2025,FY2025,Operations,CC-154,Software,18000,18375.39
BL-00701,2025-11,Q4 2025,FY2025,Operations,CC-154,Travel,10000,9849.52
BL-00702,2025-11,Q4 2025,FY2025,Operations,CC-151,Professional Services,12000,11625.54
BL-00703,2025-11,Q4 2025,FY2025,Operations,CC-153,Facilities,18000,18519.69
BL-00704,2025-11,Q4 2025,FY2025,IT,CC-156,Compensation,200000,201694.05
BL-00705,2025-11,Q4 2025,FY2025,IT,CC-157,Benefits,40000,41015.21
BL-00706,2025-11,Q4 2025,FY2025,IT,CC-162,Software,55000,55067.47
BL-00707,2025-11,Q4 2025,FY2025,IT,CC-158,Equipment,35000,35524.88
BL-00708,2025-11,Q4 2025,FY2025,IT,CC-156,Facilities,30000,30524.98
BL-00709,2025-11,Q4 2025,FY2025,IT,CC-157,Professional Services,15000,15745.2
BL-00710,2025-11,Q4 2025,FY2025,IT,CC-157,Training,8000,8019.32
BL-00711,2025-11,Q4 2025,FY2025,Executive,CC-167,Compensation,150000,144877.46
BL-00712,2025-11,Q4 2025,FY2025,Executive,CC-167,Benefits,30000,30959.57
BL-00713,2025-11,Q4 2025,FY2025,Executive,CC-163,Travel,20000,20543.6
BL-00714,2025-11,Q4 2025,FY2025,Executive,CC-166,Professional Services,10000,9529.37
BL-00715,2025-11,Q4 2025,FY2025,Executive,CC-163,Facilities,8000,8045.58
BL-00716,2025-12,Q4 2025,FY2025,Engineering,CC-103,Compensation,420000,417171.9
BL-00717,2025-12,Q4 2025,FY2025,Engineering,CC-104,Benefits,84000,88413.42
BL-00718,2025-12,Q4 2025,FY2025,Engineering,CC-103,Software,65000,63154.86
BL-00719,2025-12,Q4 2025,FY2025,Engineering,CC-103,Equipment,30000,28732.72
BL-00720,2025-12,Q4 2025,FY2025,Engineering,CC-102,Travel,15000,14685.13
BL-00721,2025-12,Q4 2025,FY2025,Engineering,CC-102,Training,12000,12055.39
BL-00722,2025-12,Q4 2025,FY2025,Engineering,CC-101,Facilities,25000,25101.96
BL-00723,2025-12,Q4 2025,FY2025,Sales,CC-113,Compensation,380000,385012.9
BL-00724,2025-12,Q4 2025,FY2025,Sales,CC-112,Benefits,76000,72999.43
BL-00725,2025-12,Q4 2025,FY2025,Sales,CC-113,Travel,45000,45507.76
BL-00726,2025-12,Q4 2025,FY2025,Sales,CC-107,Software,25000,24844.39
BL-00727,2025-12,Q4 2025,FY2025,Sales,CC-111,Training,18000,18030.23
BL-00728,2025-12,Q4 2025,FY2025,Sales,CC-107,Professional Services,15000,15599.46
BL-00729,2025-12,Q4 2025,FY2025,Sales,CC-109,Equipment,10000,9794.92
BL-00730,2025-12,Q4 2025,FY2025,Marketing,CC-115,Compensation,210000,213307.47
BL-00731,2025-12,Q4 2025,FY2025,Marketing,CC-118,Benefits,42000,41618.84
BL-00732,2025-12,Q4 2025,FY2025,Marketing,CC-119,Software,35000,35552.28
BL-00733,2025-12,Q4 2025,FY2025,Marketing,CC-120,Travel,25000,25675.54
BL-00734,2025-12,Q4 2025,FY2025,Marketing,CC-116,Professional Services,40000,40941.22
BL-00735,2025-12,Q4 2025,FY2025,Marketing,CC-119,Training,10000,9551.4
BL-00736,2025-12,Q4 2025,FY2025,Marketing,CC-120,Facilities,15000,15912.83
BL-00737,2025-12,Q4 2025,FY2025,Finance,CC-123,Compensation,160000,161340.29
BL-00738,2025-12,Q4 2025,FY2025,Finance,CC-122,Benefits,32000,32357.91
BL-00739,2025-12,Q4 2025,FY2025,Finance,CC-127,Software,20000,20159.8
BL-00740,2025-12,Q4 2025,FY2025,Finance,CC-126,Professional Services,25000,25383.06
BL-00741,2025-12,Q4 2025,FY2025,Finance,CC-126,Training,8000,8525.12
BL-00742,2025-12,Q4 2025,FY2025,Finance,CC-124,Facilities,12000,12403.55
BL-00743,2025-12,Q4 2025,FY2025,HR,CC-132,Compensation,120000,115481.53
BL-00744,2025-12,Q4 2025,FY2025,HR,CC-131,Benefits,24000,24208.25
BL-00745,2025-12,Q4 2025,FY2025,HR,CC-133,Software,15000,14609.85
BL-00746,2025-12,Q4 2025,FY2025,HR,CC-133,Professional Services,18000,16986.4
BL-00747,2025-12,Q4 2025,FY2025,HR,CC-133,Training,10000,10264.14
BL-00748,2025-12,Q4 2025,FY2025,HR,CC-130,Facilities,10000,9977.59
BL-00749,2025-12,Q4 2025,FY2025,Legal,CC-138,Compensation,140000,140920.8
BL-00750,2025-12,Q4 2025,FY2025,Legal,CC-140,Benefits,28000,28256.71
BL-00751,2025-12,Q4 2025,FY2025,Legal,CC-135,Professional Services,35000,34725.83
BL-00752,2025-12,Q4 2025,FY2025,Legal,CC-137,Software,10000,10227.31
BL-00753,2025-12,Q4 2025,FY2025,Legal,CC-138,Travel,5000,4870.81
BL-00754,2025-12,Q4 2025,FY2025,Legal,CC-135,Facilities,8000,7990.46
BL-00755,2025-12,Q4 2025,FY2025,Product,CC-142,Compensation,250000,263263.91
BL-00756,2025-12,Q4 2025,FY2025,Product,CC-147,Benefits,50000,50990.8
BL-00757,2025-12,Q4 2025,FY2025,Product,CC-146,Software,40000,41552.0
BL-00758,2025-12,Q4 2025,FY2025,Product,CC-146,Travel,12000,11466.84
BL-00759,2025-12,Q4 2025,FY2025,Product,CC-146,Equipment,15000,14498.9
BL-00760,2025-12,Q4 2025,FY2025,Product,CC-148,Training,10000,9985.15
BL-00761,2025-12,Q4 2025,FY2025,Product,CC-148,Facilities,15000,14990.94
BL-00762,2025-12,Q4 2025,FY2025,Operations,CC-153,Compensation,180000,178440.81
BL-00763,2025-12,Q4 2025,FY2025,Operations,CC-152,Benefits,36000,35449.78
BL-00764,2025-12,Q4 2025,FY2025,Operations,CC-153,Equipment,25000,24461.11
BL-00765,2025-12,Q4 2025,FY2025,Operations,CC-149,Software,18000,18112.6
BL-00766,2025-12,Q4 2025,FY2025,Operations,CC-155,Travel,10000,10087.08
BL-00767,2025-12,Q4 2025,FY2025,Operations,CC-154,Professional Services,12000,12266.1
BL-00768,2025-12,Q4 2025,FY2025,Operations,CC-149,Facilities,18000,17706.64
BL-00769,2025-12,Q4 2025,FY2025,IT,CC-157,Compensation,200000,196308.54
BL-00770,2025-12,Q4 2025,FY2025,IT,CC-161,Benefits,40000,39978.89
BL-00771,2025-12,Q4 2025,FY2025,IT,CC-160,Software,55000,53358.79
BL-00772,2025-12,Q4 2025,FY2025,IT,CC-160,Equipment,35000,35430.62
BL-00773,2025-12,Q4 2025,FY2025,IT,CC-158,Facilities,30000,30471.61
BL-00774,2025-12,Q4 2025,FY2025,IT,CC-159,Professional Services,15000,15365.18
BL-00775,2025-12,Q4 2025,FY2025,IT,CC-160,Training,8000,7816.73
BL-00776,2025-12,Q4 2025,FY2025,Executive,CC-163,Compensation,150000,152218.18
BL-00777,2025-12,Q4 2025,FY2025,Executive,CC-163,Benefits,30000,30317.02
BL-00778,2025-12,Q4 2025,FY2025,Executive,CC-165,Travel,20000,19159.95
BL-00779,2025-12,Q4 2025,FY2025,Executive,CC-165,Professional Services,10000,10374.52
BL-00780,2025-12,Q4 2025,FY2025,Executive,CC-165,Facilities,8000,8202.26
BL-00781,2026-01,Q1 2026,FY2026,Engineering,CC-106,Compensation,433319.04,417647.97
BL-00782,2026-01,Q1 2026,FY2026,Engineering,CC-100,Benefits,85218.94,80586.7
BL-00783,2026-01,Q1 2026,FY2026,Engineering,CC-105,Software,66786.34,67958.5
BL-00784,2026-01,Q1 2026,FY2026,Engineering,CC-103,Equipment,30928.63,31596.92
BL-00785,2026-01,Q1 2026,FY2026,Engineering,CC-104,Travel,15208.03,15158.93
BL-00786,2026-01,Q1 2026,FY2026,Engineering,CC-106,Training,12255.6,12106.05
BL-00787,2026-01,Q1 2026,FY2026,Engineering,CC-105,Facilities,25496.36,26324.02
BL-00788,2026-01,Q1 2026,FY2026,Sales,CC-111,Compensation,395167.67,408454.02
BL-00789,2026-01,Q1 2026,FY2026,Sales,CC-107,Benefits,76973.07,75654.09
BL-00790,2026-01,Q1 2026,FY2026,Sales,CC-108,Travel,45939.51,44497.82
BL-00791,2026-01,Q1 2026,FY2026,Sales,CC-108,Software,25963.38,25239.72
BL-00792,2026-01,Q1 2026,FY2026,Sales,CC-108,Training,18302.33,19087.15
BL-00793,2026-01,Q1 2026,FY2026,Sales,CC-111,Professional Services,15219.73,14991.47
BL-00794,2026-01,Q1 2026,FY2026,Sales,CC-113,Equipment,10331.26,10854.83
BL-00795,2026-01,Q1 2026,FY2026,Marketing,CC-120,Compensation,216753.46,207309.49
BL-00796,2026-01,Q1 2026,FY2026,Marketing,CC-118,Benefits,43198.72,42882.02
BL-00797,2026-01,Q1 2026,FY2026,Marketing,CC-120,Software,35745.56,36805.46
BL-00798,2026-01,Q1 2026,FY2026,Marketing,CC-115,Travel,25718.56,26958.56
BL-00799,2026-01,Q1 2026,FY2026,Marketing,CC-119,Professional Services,41265.42,42399.67
BL-00800,2026-01,Q1 2026,FY2026,Marketing,CC-117,Training,10171.26,10250.0
BL-00801,2026-01,Q1 2026,FY2026,Marketing,CC-115,Facilities,15424.77,15436.94
BL-00802,2026-01,Q1 2026,FY2026,Finance,CC-123,Compensation,164163.25,155544.8
BL-00803,2026-01,Q1 2026,FY2026,Finance,CC-122,Benefits,33246.97,33709.64
BL-00804,2026-01,Q1 2026,FY2026,Finance,CC-125,Software,20420.7,19125.32
BL-00805,2026-01,Q1 2026,FY2026,Finance,CC-124,Professional Services,25988.33,25372.31
BL-00806,2026-01,Q1 2026,FY2026,Finance,CC-124,Training,8200.7,8248.43
BL-00807,2026-01,Q1 2026,FY2026,Finance,CC-122,Facilities,12467.86,12742.21
BL-00808,2026-01,Q1 2026,FY2026,HR,CC-128,Compensation,124342.81,118220.69
BL-00809,2026-01,Q1 2026,FY2026,HR,CC-128,Benefits,24701.65,25364.33
BL-00810,2026-01,Q1 2026,FY2026,HR,CC-132,Software,15470.13,15050.48
BL-00811,2026-01,Q1 2026,FY2026,HR,CC-130,Professional Services,18639.63,18432.24
BL-00812,2026-01,Q1 2026,FY2026,HR,CC-132,Training,10234.8,10743.31
BL-00813,2026-01,Q1 2026,FY2026,HR,CC-129,Facilities,10144.2,9464.05
BL-00814,2026-01,Q1 2026,FY2026,Legal,CC-137,Compensation,144830.15,148854.42
BL-00815,2026-01,Q1 2026,FY2026,Legal,CC-137,Benefits,29061.6,28307.76
BL-00816,2026-01,Q1 2026,FY2026,Legal,CC-135,Professional Services,35597.57,36144.46
BL-00817,2026-01,Q1 2026,FY2026,Legal,CC-141,Software,10212.47,10909.53
BL-00818,2026-01,Q1 2026,FY2026,Legal,CC-137,Travel,5157.21,5220.21
BL-00819,2026-01,Q1 2026,FY2026,Legal,CC-141,Facilities,8269.93,8402.33
BL-00820,2026-01,Q1 2026,FY2026,Product,CC-148,Compensation,256043.41,260849.07
BL-00821,2026-01,Q1 2026,FY2026,Product,CC-142,Benefits,50708.19,50250.46
BL-00822,2026-01,Q1 2026,FY2026,Product,CC-142,Software,41487.03,40181.63
BL-00823,2026-01,Q1 2026,FY2026,Product,CC-147,Travel,12212.13,12447.33
BL-00824,2026-01,Q1 2026,FY2026,Product,CC-145,Equipment,15424.0,14921.44
BL-00825,2026-01,Q1 2026,FY2026,Product,CC-142,Training,10133.36,10072.33
BL-00826,2026-01,Q1 2026,FY2026,Product,CC-147,Facilities,15257.3,15633.73
BL-00827,2026-01,Q1 2026,FY2026,Operations,CC-152,Compensation,186087.06,183478.46
BL-00828,2026-01,Q1 2026,FY2026,Operations,CC-149,Benefits,37004.48,37147.74
BL-00829,2026-01,Q1 2026,FY2026,Operations,CC-151,Equipment,25723.97,24629.23
BL-00830,2026-01,Q1 2026,FY2026,Operations,CC-153,Software,18411.79,18012.25
BL-00831,2026-01,Q1 2026,FY2026,Operations,CC-154,Travel,10205.84,10027.77
BL-00832,2026-01,Q1 2026,FY2026,Operations,CC-151,Professional Services,12150.82,12049.97
BL-00833,2026-01,Q1 2026,FY2026,Operations,CC-153,Facilities,18216.55,17574.98
BL-00834,2026-01,Q1 2026,FY2026,IT,CC-159,Compensation,205324.91,204130.18
BL-00835,2026-01,Q1 2026,FY2026,IT,CC-158,Benefits,41448.0,42632.2
BL-00836,2026-01,Q1 2026,FY2026,IT,CC-156,Software,55968.52,56417.17
BL-00837,2026-01,Q1 2026,FY2026,IT,CC-161,Equipment,35724.95,36450.45
BL-00838,2026-01,Q1 2026,FY2026,IT,CC-162,Facilities,30865.43,31148.73
BL-00839,2026-01,Q1 2026,FY2026,IT,CC-158,Professional Services,15411.86,15422.24
BL-00840,2026-01,Q1 2026,FY2026,IT,CC-162,Training,8211.04,8079.34
BL-00841,2026-01,Q1 2026,FY2026,Executive,CC-168,Compensation,154392.58,157797.62
BL-00842,2026-01,Q1 2026,FY2026,Executive,CC-164,Benefits,30730.68,29504.87
BL-00843,2026-01,Q1 2026,FY2026,Executive,CC-166,Travel,20686.9,21677.43
BL-00844,2026-01,Q1 2026,FY2026,Executive,CC-164,Professional Services,10111.1,10313.78
BL-00845,2026-01,Q1 2026,FY2026,Executive,CC-165,Facilities,8090.51,8112.68
BL-00846,2026-02,Q1 2026,FY2026,Engineering,CC-106,Compensation,430693.83,434285.6
BL-00847,2026-02,Q1 2026,FY2026,Engineering,CC-101,Benefits,86208.44,86118.35
BL-00848,2026-02,Q1 2026,FY2026,Engineering,CC-106,Software,66207.92,69530.27
BL-00849,2026-02,Q1 2026,FY2026,Engineering,CC-100,Equipment,31002.76,31558.33
BL-00850,2026-02,Q1 2026,FY2026,Engineering,CC-103,Travel,15509.7,15197.62
BL-00851,2026-02,Q1 2026,FY2026,Engineering,CC-103,Training,12440.22,12406.93
BL-00852,2026-02,Q1 2026,FY2026,Engineering,CC-101,Facilities,25504.28,23882.5
BL-00853,2026-02,Q1 2026,FY2026,Sales,CC-111,Compensation,389456.72,362913.93
BL-00854,2026-02,Q1 2026,FY2026,Sales,CC-107,Benefits,77368.12,77450.18
BL-00855,2026-02,Q1 2026,FY2026,Sales,CC-113,Travel,46431.56,48095.63
BL-00856,2026-02,Q1 2026,FY2026,Sales,CC-109,Software,25385.34,25877.55
BL-00857,2026-02,Q1 2026,FY2026,Sales,CC-109,Training,18353.45,19062.91
BL-00858,2026-02,Q1 2026,FY2026,Sales,CC-112,Professional Services,15350.66,15677.21
BL-00859,2026-02,Q1 2026,FY2026,Sales,CC-107,Equipment,10227.83,10122.31
BL-00860,2026-02,Q1 2026,FY2026,Marketing,CC-116,Compensation,216678.93,211056.76
BL-00861,2026-02,Q1 2026,FY2026,Marketing,CC-120,Benefits,43194.71,41496.23
BL-00862,2026-02,Q1 2026,FY2026,Marketing,CC-114,Software,36345.3,36964.38
BL-00863,2026-02,Q1 2026,FY2026,Marketing,CC-119,Travel,25753.39,24982.82
BL-00864,2026-02,Q1 2026,FY2026,Marketing,CC-114,Professional Services,41215.29,42039.74
BL-00865,2026-02,Q1 2026,FY2026,Marketing,CC-114,Training,10142.83,9728.92
BL-00866,2026-02,Q1 2026,FY2026,Marketing,CC-115,Facilities,15206.8,14709.17
BL-00867,2026-02,Q1 2026,FY2026,Finance,CC-125,Compensation,165336.87,162083.71
BL-00868,2026-02,Q1 2026,FY2026,Finance,CC-122,Benefits,32351.09,33061.07
BL-00869,2026-02,Q1 2026,FY2026,Finance,CC-127,Software,20607.44,21173.22
BL-00870,2026-02,Q1 2026,FY2026,Finance,CC-122,Professional Services,25307.66,25076.21
BL-00871,2026-02,Q1 2026,FY2026,Finance,CC-122,Training,8207.07,7921.22
BL-00872,2026-02,Q1 2026,FY2026,Finance,CC-121,Facilities,12465.79,12789.5
BL-00873,2026-02,Q1 2026,FY2026,HR,CC-132,Compensation,123848.43,120172.75
BL-00874,2026-02,Q1 2026,FY2026,HR,CC-134,Benefits,24324.79,24329.12
BL-00875,2026-02,Q1 2026,FY2026,HR,CC-130,Software,15267.13,13818.62
BL-00876,2026-02,Q1 2026,FY2026,HR,CC-131,Professional Services,18554.75,19172.68
BL-00877,2026-02,Q1 2026,FY2026,HR,CC-129,Training,10160.05,10238.71
BL-00878,2026-02,Q1 2026,FY2026,HR,CC-131,Facilities,10369.6,10461.51
BL-00879,2026-02,Q1 2026,FY2026,Legal,CC-137,Compensation,145588.5,149832.98
BL-00880,2026-02,Q1 2026,FY2026,Legal,CC-140,Benefits,28840.99,26737.14
BL-00881,2026-02,Q1 2026,FY2026,Legal,CC-141,Professional Services,35418.19,33257.67
BL-00882,2026-02,Q1 2026,FY2026,Legal,CC-140,Software,10147.25,9979.29
BL-00883,2026-02,Q1 2026,FY2026,Legal,CC-139,Travel,5189.1,5009.73
BL-00884,2026-02,Q1 2026,FY2026,Legal,CC-136,Facilities,8133.82,7803.79
BL-00885,2026-02,Q1 2026,FY2026,Product,CC-144,Compensation,258440.49,259193.85
BL-00886,2026-02,Q1 2026,FY2026,Product,CC-144,Benefits,51331.03,53122.31
BL-00887,2026-02,Q1 2026,FY2026,Product,CC-142,Software,40960.89,41605.11
BL-00888,2026-02,Q1 2026,FY2026,Product,CC-145,Travel,12143.67,12123.21
BL-00889,2026-02,Q1 2026,FY2026,Product,CC-148,Equipment,15599.82,15488.72
BL-00890,2026-02,Q1 2026,FY2026,Product,CC-146,Training,10222.83,9855.39
BL-00891,2026-02,Q1 2026,FY2026,Product,CC-145,Facilities,15183.19,15826.55
BL-00892,2026-02,Q1 2026,FY2026,Operations,CC-153,Compensation,184315.5,182946.33
BL-00893,2026-02,Q1 2026,FY2026,Operations,CC-154,Benefits,36732.08,38113.57
BL-00894,2026-02,Q1 2026,FY2026,Operations,CC-155,Equipment,25690.84,24759.9
BL-00895,2026-02,Q1 2026,FY2026,Operations,CC-149,Software,18701.78,17577.4
BL-00896,2026-02,Q1 2026,FY2026,Operations,CC-153,Travel,10349.42,10629.81
BL-00897,2026-02,Q1 2026,FY2026,Operations,CC-154,Professional Services,12175.09,12339.8
BL-00898,2026-02,Q1 2026,FY2026,Operations,CC-153,Facilities,18301.75,18718.38
BL-00899,2026-02,Q1 2026,FY2026,IT,CC-161,Compensation,207369.56,210048.55
BL-00900,2026-02,Q1 2026,FY2026,IT,CC-158,Benefits,41547.62,40767.7
BL-00901,2026-02,Q1 2026,FY2026,IT,CC-160,Software,55756.53,55083.48
BL-00902,2026-02,Q1 2026,FY2026,IT,CC-160,Equipment,36023.04,37284.71
BL-00903,2026-02,Q1 2026,FY2026,IT,CC-161,Facilities,31147.45,31923.34
BL-00904,2026-02,Q1 2026,FY2026,IT,CC-158,Professional Services,15555.9,16119.93
BL-00905,2026-02,Q1 2026,FY2026,IT,CC-156,Training,8282.21,7854.71
BL-00906,2026-02,Q1 2026,FY2026,Executive,CC-168,Compensation,151865.5,148553.88
BL-00907,2026-02,Q1 2026,FY2026,Executive,CC-167,Benefits,30993.92,30935.09
BL-00908,2026-02,Q1 2026,FY2026,Executive,CC-168,Travel,20449.95,20870.32
BL-00909,2026-02,Q1 2026,FY2026,Executive,CC-168,Professional Services,10109.09,10401.04
BL-00910,2026-02,Q1 2026,FY2026,Executive,CC-166,Facilities,8309.6,8108.5
BL-00911,2026-03,Q1 2026,FY2026,Engineering,CC-103,Compensation,427285.46,431899.22
BL-00912,2026-03,Q1 2026,FY2026,Engineering,CC-100,Benefits,85023.89,82587.3
BL-00913,2026-03,Q1 2026,FY2026,Engineering,CC-102,Software,65958.26,64050.49
BL-00914,2026-03,Q1 2026,FY2026,Engineering,CC-102,Equipment,30845.99,31368.94
BL-00915,2026-03,Q1 2026,FY2026,Engineering,CC-102,Travel,15537.67,14952.65
BL-00916,2026-03,Q1 2026,FY2026,Engineering,CC-101,Training,12471.13,13480.22
BL-00917,2026-03,Q1 2026,FY2026,Engineering,CC-101,Facilities,25820.5,25455.09
BL-00918,2026-03,Q1 2026,FY2026,Sales,CC-109,Compensation,389117.79,388597.94
BL-00919,2026-03,Q1 2026,FY2026,Sales,CC-110,Benefits,77785.08,78261.25
BL-00920,2026-03,Q1 2026,FY2026,Sales,CC-110,Travel,46616.62,46965.47
BL-00921,2026-03,Q1 2026,FY2026,Sales,CC-109,Software,25436.2,25734.54
BL-00922,2026-03,Q1 2026,FY2026,Sales,CC-112,Training,18684.23,18436.62
BL-00923,2026-03,Q1 2026,FY2026,Sales,CC-111,Professional Services,15290.72,15335.09
BL-00924,2026-03,Q1 2026,FY2026,Sales,CC-109,Equipment,10240.04,9880.47
BL-00925,2026-03,Q1 2026,FY2026,Marketing,CC-117,Compensation,215233.43,220682.15
BL-00926,2026-03,Q1 2026,FY2026,Marketing,CC-115,Benefits,43638.03,44339.58
BL-00927,2026-03,Q1 2026,FY2026,Marketing,CC-118,Software,35962.51,36798.84
BL-00928,2026-03,Q1 2026,FY2026,Marketing,CC-119,Travel,25911.75,26101.95
BL-00929,2026-03,Q1 2026,FY2026,Marketing,CC-114,Professional Services,41207.02,41171.74
BL-00930,2026-03,Q1 2026,FY2026,Marketing,CC-116,Training,10229.28,10267.62
BL-00931,2026-03,Q1 2026,FY2026,Marketing,CC-117,Facilities,15477.38,15515.92
BL-00932,2026-03,Q1 2026,FY2026,Finance,CC-125,Compensation,161845.56,157228.3
BL-00933,2026-03,Q1 2026,FY2026,Finance,CC-125,Benefits,32506.87,32146.84
BL-00934,2026-03,Q1 2026,FY2026,Finance,CC-125,Software,20470.21,20391.44
BL-00935,2026-03,Q1 2026,FY2026,Finance,CC-121,Professional Services,25459.79,26610.73
BL-00936,2026-03,Q1 2026,FY2026,Finance,CC-121,Training,8110.88,8085.71
BL-00937,2026-03,Q1 2026,FY2026,Finance,CC-123,Facilities,12261.81,12355.0
BL-00938,2026-03,Q1 2026,FY2026,HR,CC-129,Compensation,123917.87,120668.32
BL-00939,2026-03,Q1 2026,FY2026,HR,CC-128,Benefits,24673.77,24501.03
BL-00940,2026-03,Q1 2026,FY2026,HR,CC-130,Software,15211.67,15287.63
BL-00941,2026-03,Q1 2026,FY2026,HR,CC-132,Professional Services,18614.14,18299.33
BL-00942,2026-03,Q1 2026,FY2026,HR,CC-132,Training,10141.93,10121.0
BL-00943,2026-03,Q1 2026,FY2026,HR,CC-134,Facilities,10195.56,9864.31
BL-00944,2026-03,Q1 2026,FY2026,Legal,CC-137,Compensation,142656.78,146348.27
BL-00945,2026-03,Q1 2026,FY2026,Legal,CC-139,Benefits,28706.14,27708.85
BL-00946,2026-03,Q1 2026,FY2026,Legal,CC-141,Professional Services,35664.78,35589.06
BL-00947,2026-03,Q1 2026,FY2026,Legal,CC-138,Software,10104.99,10033.63
BL-00948,2026-03,Q1 2026,FY2026,Legal,CC-141,Travel,5137.56,5202.35
BL-00949,2026-03,Q1 2026,FY2026,Legal,CC-139,Facilities,8295.7,8539.05
BL-00950,2026-03,Q1 2026,FY2026,Product,CC-147,Compensation,256059.43,248269.25
BL-00951,2026-03,Q1 2026,FY2026,Product,CC-147,Benefits,51674.36,52007.42
BL-00952,2026-03,Q1 2026,FY2026,Product,CC-145,Software,40461.63,38889.42
BL-00953,2026-03,Q1 2026,FY2026,Product,CC-148,Travel,12181.38,11831.25
BL-00954,2026-03,Q1 2026,FY2026,Product,CC-148,Equipment,15321.09,14857.84
BL-00955,2026-03,Q1 2026,FY2026,Product,CC-142,Training,10304.22,11041.66
BL-00956,2026-03,Q1 2026,FY2026,Product,CC-145,Facilities,15235.85,15455.03
BL-00957,2026-03,Q1 2026,FY2026,Operations,CC-152,Compensation,183493.94,188387.91
BL-00958,2026-03,Q1 2026,FY2026,Operations,CC-153,Benefits,36901.97,38282.56
BL-00959,2026-03,Q1 2026,FY2026,Operations,CC-149,Equipment,25940.39,26825.87
BL-00960,2026-03,Q1 2026,FY2026,Operations,CC-153,Software,18561.12,17909.91
BL-00961,2026-03,Q1 2026,FY2026,Operations,CC-153,Travel,10162.2,9958.16
BL-00962,2026-03,Q1 2026,FY2026,Operations,CC-150,Professional Services,12255.66,12738.24
BL-00963,2026-03,Q1 2026,FY2026,Operations,CC-154,Facilities,18428.22,17748.19
BL-00964,2026-03,Q1 2026,FY2026,IT,CC-161,Compensation,206631.94,205021.51
BL-00965,2026-03,Q1 2026,FY2026,IT,CC-159,Benefits,41216.9,41537.38
BL-00966,2026-03,Q1 2026,FY2026,IT,CC-157,Software,55867.24,54627.82
BL-00967,2026-03,Q1 2026,FY2026,IT,CC-158,Equipment,35642.96,34878.55
BL-00968,2026-03,Q1 2026,FY2026,IT,CC-161,Facilities,30994.06,33107.42
BL-00969,2026-03,Q1 2026,FY2026,IT,CC-158,Professional Services,15243.28,15131.83
BL-00970,2026-03,Q1 2026,FY2026,IT,CC-162,Training,8214.52,8007.86
BL-00971,2026-03,Q1 2026,FY2026,Executive,CC-167,Compensation,154747.49,153322.0
BL-00972,2026-03,Q1 2026,FY2026,Executive,CC-166,Benefits,30641.72,31808.09
BL-00973,2026-03,Q1 2026,FY2026,Executive,CC-165,Travel,20691.03,21767.43
BL-00974,2026-03,Q1 2026,FY2026,Executive,CC-168,Professional Services,10112.62,9958.37
BL-00975,2026-03,Q1 2026,FY2026,Executive,CC-168,Facilities,8098.97,8414.21
BL-00976,2026-04,Q2 2026,FY2026,Engineering,CC-101,Compensation,430236.4,421571.92
BL-00977,2026-04,Q2 2026,FY2026,Engineering,CC-102,Benefits,86926.44,86482.8
BL-00978,2026-04,Q2 2026,FY2026,Engineering,CC-104,Software,65917.68,68436.39
BL-00979,2026-04,Q2 2026,FY2026,Engineering,CC-104,Equipment,30966.8,30986.98
BL-00980,2026-04,Q2 2026,FY2026,Engineering,CC-101,Travel,15251.55,15398.91
BL-00981,2026-04,Q2 2026,FY2026,Engineering,CC-100,Training,12138.9,11643.77
BL-00982,2026-04,Q2 2026,FY2026,Engineering,CC-101,Facilities,25760.89,26397.53
BL-00983,2026-04,Q2 2026,FY2026,Sales,CC-110,Compensation,383859.07,358680.27
BL-00984,2026-04,Q2 2026,FY2026,Sales,CC-110,Benefits,78248.6,76568.32
BL-00985,2026-04,Q2 2026,FY2026,Sales,CC-109,Travel,46094.56,47207.57
BL-00986,2026-04,Q2 2026,FY2026,Sales,CC-107,Software,25464.06,27334.64
BL-00987,2026-04,Q2 2026,FY2026,Sales,CC-111,Training,18670.29,19289.53
BL-00988,2026-04,Q2 2026,FY2026,Sales,CC-113,Professional Services,15482.41,15805.86
BL-00989,2026-04,Q2 2026,FY2026,Sales,CC-113,Equipment,10381.0,10546.2
BL-00990,2026-04,Q2 2026,FY2026,Marketing,CC-114,Compensation,213207.47,211149.6
BL-00991,2026-04,Q2 2026,FY2026,Marketing,CC-119,Benefits,43676.44,42453.86
BL-00992,2026-04,Q2 2026,FY2026,Marketing,CC-116,Software,36360.24,37129.48
BL-00993,2026-04,Q2 2026,FY2026,Marketing,CC-114,Travel,25907.56,26912.8
BL-00994,2026-04,Q2 2026,FY2026,Marketing,CC-116,Professional Services,41514.15,41608.04
BL-00995,2026-04,Q2 2026,FY2026,Marketing,CC-117,Training,10185.37,10567.03
BL-00996,2026-04,Q2 2026,FY2026,Marketing,CC-115,Facilities,15550.17,15510.2
BL-00997,2026-04,Q2 2026,FY2026,Finance,CC-121,Compensation,165685.09,162497.22
BL-00998,2026-04,Q2 2026,FY2026,Finance,CC-126,Benefits,32637.46,32765.36
BL-00999,2026-04,Q2 2026,FY2026,Finance,CC-126,Software,20475.35,20457.36
BL-01000,2026-04,Q2 2026,FY2026,Finance,CC-123,Professional Services,25502.83,25993.46
BL-01001,2026-04,Q2 2026,FY2026,Finance,CC-127,Training,8216.27,8223.27
BL-01002,2026-04,Q2 2026,FY2026,Finance,CC-124,Facilities,12349.94,12120.01
BL-01003,2026-04,Q2 2026,FY2026,HR,CC-133,Compensation,124177.16,122597.54
BL-01004,2026-04,Q2 2026,FY2026,HR,CC-129,Benefits,24308.68,24278.9
BL-01005,2026-04,Q2 2026,FY2026,HR,CC-131,Software,15364.85,15414.49
BL-01006,2026-04,Q2 2026,FY2026,HR,CC-134,Professional Services,18307.18,18281.95
BL-01007,2026-04,Q2 2026,FY2026,HR,CC-132,Training,10180.1,9986.48
BL-01008,2026-04,Q2 2026,FY2026,HR,CC-133,Facilities,10103.43,10454.93
BL-01009,2026-04,Q2 2026,FY2026,Legal,CC-138,Compensation,142910.12,143457.22
BL-01010,2026-04,Q2 2026,FY2026,Legal,CC-138,Benefits,28537.72,29804.0
BL-01011,2026-04,Q2 2026,FY2026,Legal,CC-141,Professional Services,36070.38,38074.7
BL-01012,2026-04,Q2 2026,FY2026,Legal,CC-135,Software,10193.29,9896.15
BL-01013,2026-04,Q2 2026,FY2026,Legal,CC-136,Travel,5145.81,5283.42
BL-01014,2026-04,Q2 2026,FY2026,Legal,CC-136,Facilities,8132.59,8047.49
BL-01015,2026-04,Q2 2026,FY2026,Product,CC-144,Compensation,256086.36,233966.31
BL-01016,2026-04,Q2 2026,FY2026,Product,CC-146,Benefits,51123.77,52407.36
BL-01017,2026-04,Q2 2026,FY2026,Product,CC-148,Software,41495.36,41598.79
BL-01018,2026-04,Q2 2026,FY2026,Product,CC-143,Travel,12198.63,11540.71
BL-01019,2026-04,Q2 2026,FY2026,Product,CC-146,Equipment,15456.15,14783.67
BL-01020,2026-04,Q2 2026,FY2026,Product,CC-147,Training,10234.02,9928.07
BL-01021,2026-04,Q2 2026,FY2026,Product,CC-148,Facilities,15312.8,15507.31
BL-01022,2026-04,Q2 2026,FY2026,Operations,CC-153,Compensation,184757.31,183413.7
BL-01023,2026-04,Q2 2026,FY2026,Operations,CC-155,Benefits,36578.33,35937.72
BL-01024,2026-04,Q2 2026,FY2026,Operations,CC-149,Equipment,25640.26,25534.95
BL-01025,2026-04,Q2 2026,FY2026,Operations,CC-153,Software,18547.36,18414.33
BL-01026,2026-04,Q2 2026,FY2026,Operations,CC-149,Travel,10233.64,9885.63
BL-01027,2026-04,Q2 2026,FY2026,Operations,CC-149,Professional Services,12283.24,11877.54
BL-01028,2026-04,Q2 2026,FY2026,Operations,CC-154,Facilities,18481.75,18430.82
BL-01029,2026-04,Q2 2026,FY2026,IT,CC-162,Compensation,206841.49,205800.37
BL-01030,2026-04,Q2 2026,FY2026,IT,CC-157,Benefits,40403.62,39203.67
BL-01031,2026-04,Q2 2026,FY2026,IT,CC-156,Software,56504.21,57999.6
BL-01032,2026-04,Q2 2026,FY2026,IT,CC-156,Equipment,35918.22,36196.27
BL-01033,2026-04,Q2 2026,FY2026,IT,CC-156,Facilities,31141.12,33116.49
BL-01034,2026-04,Q2 2026,FY2026,IT,CC-157,Professional Services,15279.19,15727.99
BL-01035,2026-04,Q2 2026,FY2026,IT,CC-161,Training,8264.55,8332.7
BL-01036,2026-04,Q2 2026,FY2026,Executive,CC-165,Compensation,155837.02,142958.46
BL-01037,2026-04,Q2 2026,FY2026,Executive,CC-166,Benefits,31193.57,29796.58
BL-01038,2026-04,Q2 2026,FY2026,Executive,CC-168,Travel,20425.39,21257.95
BL-01039,2026-04,Q2 2026,FY2026,Executive,CC-169,Professional Services,10389.24,10506.65
BL-01040,2026-04,Q2 2026,FY2026,Executive,CC-164,Facilities,8163.46,8070.69
BL-01041,2026-05,Q2 2026,FY2026,Engineering,CC-101,Compensation,436709.87,431358.11
BL-01042,2026-05,Q2 2026,FY2026,Engineering,CC-106,Benefits,86943.75,87791.23
BL-01043,2026-05,Q2 2026,FY2026,Engineering,CC-104,Software,65694.33,64812.0
BL-01044,2026-05,Q2 2026,FY2026,Engineering,CC-103,Equipment,30681.72,31995.81
BL-01045,2026-05,Q2 2026,FY2026,Engineering,CC-102,Travel,15520.51,15527.22
BL-01046,2026-05,Q2 2026,FY2026,Engineering,CC-105,Training,12187.85,12524.87
BL-01047,2026-05,Q2 2026,FY2026,Engineering,CC-104,Facilities,25824.12,26939.16
BL-01048,2026-05,Q2 2026,FY2026,Sales,CC-107,Compensation,392533.01,396011.58
BL-01049,2026-05,Q2 2026,FY2026,Sales,CC-110,Benefits,77308.72,80148.33
BL-01050,2026-05,Q2 2026,FY2026,Sales,CC-112,Travel,46257.01,47021.48
BL-01051,2026-05,Q2 2026,FY2026,Sales,CC-110,Software,25904.16,25911.89
BL-01052,2026-05,Q2 2026,FY2026,Sales,CC-108,Training,18306.54,18471.66
BL-01053,2026-05,Q2 2026,FY2026,Sales,CC-109,Professional Services,15489.47,15531.1
BL-01054,2026-05,Q2 2026,FY2026,Sales,CC-112,Equipment,10170.25,10004.83
BL-01055,2026-05,Q2 2026,FY2026,Marketing,CC-120,Compensation,215729.5,205885.68
BL-01056,2026-05,Q2 2026,FY2026,Marketing,CC-116,Benefits,42824.04,41789.8
BL-01057,2026-05,Q2 2026,FY2026,Marketing,CC-117,Software,36270.07,37585.41
BL-01058,2026-05,Q2 2026,FY2026,Marketing,CC-114,Travel,25475.38,25392.12
BL-01059,2026-05,Q2 2026,FY2026,Marketing,CC-115,Professional Services,41068.06,39383.58
BL-01060,2026-05,Q2 2026,FY2026,Marketing,CC-117,Training,10287.8,10013.76
BL-01061,2026-05,Q2 2026,FY2026,Marketing,CC-119,Facilities,15400.13,15806.4
BL-01062,2026-05,Q2 2026,FY2026,Finance,CC-127,Compensation,164822.44,166141.71
BL-01063,2026-05,Q2 2026,FY2026,Finance,CC-123,Benefits,32823.48,32489.61
BL-01064,2026-05,Q2 2026,FY2026,Finance,CC-127,Software,20425.88,19833.54
BL-01065,2026-05,Q2 2026,FY2026,Finance,CC-127,Professional Services,25653.45,25684.64
BL-01066,2026-05,Q2 2026,FY2026,Finance,CC-127,Training,8249.82,8426.4
BL-01067,2026-05,Q2 2026,FY2026,Finance,CC-124,Facilities,12286.69,12642.31
BL-01068,2026-05,Q2 2026,FY2026,HR,CC-129,Compensation,123206.23,124556.91
BL-01069,2026-05,Q2 2026,FY2026,HR,CC-128,Benefits,24519.66,24498.99
BL-01070,2026-05,Q2 2026,FY2026,HR,CC-134,Software,15565.0,15982.9
BL-01071,2026-05,Q2 2026,FY2026,HR,CC-128,Professional Services,18380.38,17369.24
BL-01072,2026-05,Q2 2026,FY2026,HR,CC-133,Training,10180.54,10053.0
BL-01073,2026-05,Q2 2026,FY2026,HR,CC-134,Facilities,10281.49,10397.72
BL-01074,2026-05,Q2 2026,FY2026,Legal,CC-140,Compensation,144599.12,145013.88
BL-01075,2026-05,Q2 2026,FY2026,Legal,CC-137,Benefits,28844.02,28965.91
BL-01076,2026-05,Q2 2026,FY2026,Legal,CC-135,Professional Services,35668.35,36385.2
BL-01077,2026-05,Q2 2026,FY2026,Legal,CC-140,Software,10163.54,10348.1
BL-01078,2026-05,Q2 2026,FY2026,Legal,CC-138,Travel,5199.94,5438.52
BL-01079,2026-05,Q2 2026,FY2026,Legal,CC-138,Facilities,8299.47,8169.34
BL-01080,2026-05,Q2 2026,FY2026,Product,CC-146,Compensation,259363.45,247927.62
BL-01081,2026-05,Q2 2026,FY2026,Product,CC-147,Benefits,50982.42,50628.98
BL-01082,2026-05,Q2 2026,FY2026,Product,CC-144,Software,40831.11,42174.22
BL-01083,2026-05,Q2 2026,FY2026,Product,CC-148,Travel,12249.47,12554.47
BL-01084,2026-05,Q2 2026,FY2026,Product,CC-145,Equipment,15591.59,15239.73
BL-01085,2026-05,Q2 2026,FY2026,Product,CC-144,Training,10328.49,10239.31
BL-01086,2026-05,Q2 2026,FY2026,Product,CC-146,Facilities,15336.27,15616.61
BL-01087,2026-05,Q2 2026,FY2026,Operations,CC-153,Compensation,186466.06,186410.48
BL-01088,2026-05,Q2 2026,FY2026,Operations,CC-153,Benefits,37369.54,37167.1
BL-01089,2026-05,Q2 2026,FY2026,Operations,CC-150,Equipment,25790.01,25646.76
BL-01090,2026-05,Q2 2026,FY2026,Operations,CC-155,Software,18385.11,18735.04
BL-01091,2026-05,Q2 2026,FY2026,Operations,CC-151,Travel,10173.72,9478.84
BL-01092,2026-05,Q2 2026,FY2026,Operations,CC-155,Professional Services,12212.64,11937.88
BL-01093,2026-05,Q2 2026,FY2026,Operations,CC-152,Facilities,18443.86,18293.75
BL-01094,2026-05,Q2 2026,FY2026,IT,CC-162,Compensation,203009.4,193156.26
BL-01095,2026-05,Q2 2026,FY2026,IT,CC-157,Benefits,40822.61,41804.7
BL-01096,2026-05,Q2 2026,FY2026,IT,CC-160,Software,57062.88,58721.43
BL-01097,2026-05,Q2 2026,FY2026,IT,CC-162,Equipment,36389.84,37672.21
BL-01098,2026-05,Q2 2026,FY2026,IT,CC-162,Facilities,31062.03,30760.63
BL-01099,2026-05,Q2 2026,FY2026,IT,CC-162,Professional Services,15450.7,15493.7
BL-01100,2026-05,Q2 2026,FY2026,IT,CC-156,Training,8231.37,7977.75
BL-01101,2026-05,Q2 2026,FY2026,Executive,CC-165,Compensation,154682.26,160182.17
BL-01102,2026-05,Q2 2026,FY2026,Executive,CC-168,Benefits,30354.41,30416.46
BL-01103,2026-05,Q2 2026,FY2026,Executive,CC-166,Travel,20600.05,20071.92
BL-01104,2026-05,Q2 2026,FY2026,Executive,CC-167,Professional Services,10104.72,9871.89
BL-01105,2026-05,Q2 2026,FY2026,Executive,CC-165,Facilities,8212.39,8514.06
BL-01106,2025-01,Q1 2025,FY2025,,CC-900,Facilities,23036.07,22544.69
BL-01107,2025-01,Q1 2025,FY2025,,CC-902,Facilities,22533.24,22979.08
BL-01108,2025-01,Q1 2025,FY2025,,CC-905,Facilities,21458.6,22402.16
BL-01109,2025-01,Q1 2025,FY2025,,CC-901,Professional Services,0.0,23360.98
BL-01110,2025-02,Q1 2025,FY2025,,CC-900,Facilities,22865.78,22273.49
BL-01111,2025-02,Q1 2025,FY2025,,CC-902,Facilities,24296.71,23695.17
BL-01112,2025-02,Q1 2025,FY2025,,CC-905,Facilities,20316.62,20915.83
BL-01113,2025-02,Q1 2025,FY2025,,CC-901,Professional Services,0.0,24185.96
BL-01114,2025-03,Q1 2025,FY2025,,CC-900,Facilities,21884.97,21322.98
BL-01115,2025-03,Q1 2025,FY2025,,CC-902,Facilities,25458.54,24949.31
BL-01116,2025-03,Q1 2025,FY2025,,CC-905,Facilities,27420.93,26270.94
BL-01117,2025-03,Q1 2025,FY2025,,CC-901,Professional Services,0.0,0
BL-01118,2025-04,Q2 2025,FY2025,,CC-900,Facilities,24748.42,23589.41
BL-01119,2025-04,Q2 2025,FY2025,,CC-902,Facilities,21079.17,20820.26
BL-01120,2025-04,Q2 2025,FY2025,,CC-905,Facilities,22140.08,22442.84
BL-01121,2025-04,Q2 2025,FY2025,,CC-901,Professional Services,0.0,0
BL-01122,2025-05,Q2 2025,FY2025,,CC-900,Facilities,16240.29,16801.12
BL-01123,2025-05,Q2 2025,FY2025,,CC-902,Facilities,24673.61,24257.29
BL-01124,2025-05,Q2 2025,FY2025,,CC-905,Facilities,29659.94,31065.34
BL-01125,2025-05,Q2 2025,FY2025,,CC-901,Professional Services,0.0,0
BL-01126,2025-06,Q2 2025,FY2025,,CC-900,Facilities,28787.28,28009.35
BL-01127,2025-06,Q2 2025,FY2025,,CC-902,Facilities,28519.09,29067.48
BL-01128,2025-06,Q2 2025,FY2025,,CC-905,Facilities,23501.76,22963.8
BL-01129,2025-06,Q2 2025,FY2025,,CC-901,Professional Services,0.0,0
BL-01130,2025-07,Q3 2025,FY2025,,CC-900,Facilities,25266.43,24711.51
BL-01131,2025-07,Q3 2025,FY2025,,CC-902,Facilities,23145.46,23511.41
BL-01132,2025-07,Q3 2025,FY2025,,CC-905,Facilities,17690.32,18310.24
BL-01133,2025-07,Q3 2025,FY2025,,CC-901,Professional Services,0.0,480782.9
BL-01134,2025-08,Q3 2025,FY2025,,CC-900,Facilities,18107.37,17463.1
BL-01135,2025-08,Q3 2025,FY2025,,CC-902,Facilities,27310.36,28186.76
BL-01136,2025-08,Q3 2025,FY2025,,CC-905,Facilities,28933.12,28352.37
BL-01137,2025-08,Q3 2025,FY2025,,CC-901,Professional Services,0.0,508197.91
BL-01138,2025-09,Q3 2025,FY2025,,CC-900,Facilities,23500.44,24321.64
BL-01139,2025-09,Q3 2025,FY2025,,CC-902,Facilities,25155.52,25257.56
BL-01140,2025-09,Q3 2025,FY2025,,CC-905,Facilities,20757.69,21255.35
BL-01141,2025-09,Q3 2025,FY2025,,CC-901,Professional Services,0.0,519524.9
BL-01142,2025-10,Q4 2025,FY2025,,CC-900,Facilities,25339.66,24271.41
BL-01143,2025-10,Q4 2025,FY2025,,CC-902,Facilities,26181.85,25778.28
BL-01144,2025-10,Q4 2025,FY2025,,CC-905,Facilities,16465.29,16024.25
BL-01145,2025-10,Q4 2025,FY2025,,CC-901,Professional Services,0.0,17103.37
BL-01146,2025-11,Q4 2025,FY2025,,CC-900,Facilities,24207.98,24439.43
BL-01147,2025-11,Q4 2025,FY2025,,CC-902,Facilities,29533.81,29021.03
BL-01148,2025-11,Q4 2025,FY2025,,CC-905,Facilities,24511.84,25206.87
BL-01149,2025-11,Q4 2025,FY2025,,CC-901,Professional Services,0.0,0
BL-01150,2025-12,Q4 2025,FY2025,,CC-900,Facilities,18422.08,18519.78
BL-01151,2025-12,Q4 2025,FY2025,,CC-902,Facilities,20631.4,19983.04
BL-01152,2025-12,Q4 2025,FY2025,,CC-905,Facilities,23788.13,23502.84
BL-01153,2025-12,Q4 2025,FY2025,,CC-901,Professional Services,0.0,0
BL-01154,2026-01,Q1 2026,FY2026,,CC-900,Facilities,19430.69,18938.03
BL-01155,2026-01,Q1 2026,FY2026,,CC-902,Facilities,16102.6,15728.97
BL-01156,2026-01,Q1 2026,FY2026,,CC-905,Facilities,20700.0,21287.65
BL-01157,2026-01,Q1 2026,FY2026,,CC-901,Professional Services,0.0,12792.44
BL-01158,2026-02,Q1 2026,FY2026,,CC-900,Facilities,20410.5,19576.78
BL-01159,2026-02,Q1 2026,FY2026,,CC-902,Facilities,29144.4,28983.34
BL-01160,2026-02,Q1 2026,FY2026,,CC-905,Facilities,26420.2,25369.28
BL-01161,2026-02,Q1 2026,FY2026,,CC-901,Professional Services,0.0,13619.59
BL-01162,2026-03,Q1 2026,FY2026,,CC-900,Facilities,23354.78,23383.83
BL-01163,2026-03,Q1 2026,FY2026,,CC-902,Facilities,16549.39,15870.24
BL-01164,2026-03,Q1 2026,FY2026,,CC-905,Facilities,23313.3,23539.26
BL-01165,2026-03,Q1 2026,FY2026,,CC-901,Professional Services,0.0,0
BL-01166,2026-04,Q2 2026,FY2026,,CC-900,Facilities,27955.77,26592.48
BL-01167,2026-04,Q2 2026,FY2026,,CC-902,Facilities,21207.15,21799.19
BL-01168,2026-04,Q2 2026,FY2026,,CC-905,Facilities,25872.66,26026.69
BL-01169,2026-04,Q2 2026,FY2026,,CC-901,Professional Services,0.0,0
BL-01170,2026-05,Q2 2026,FY2026,,CC-900,Facilities,18641.14,18680.48
BL-01171,2026-05,Q2 2026,FY2026,,CC-902,Facilities,25279.74,24444.25
BL-01172,2026-05,Q2 2026,FY2026,,CC-905,Facilities,19033.78,18592.97
BL-01173,2026-05,Q2 2026,FY2026,,CC-901,Professional Services,0.0,8344.15
