employee_id,base_salary,market_benchmark,comp_ratio,last_raise_date,last_raise_pct
EMP-0001,104320,114637,0.91,2024-08-06,1.2
EMP-0002,99169,106633,0.93,2024-12-09,5.1
EMP-0003,109096,122580,0.89,2024-01-26,5.8
EMP-0004,135486,144134,0.94,2024-07-18,2.8
EMP-0005,93567,100610,0.93,2024-04-19,3.1
EMP-0006,71542,79491,0.9,2024-05-04,1.3
EMP-0007,103238,109828,0.94,2025-05-31,1.0
EMP-0008,136452,151613,0.9,2024-09-10,3.4
EMP-0009,95461,104902,0.91,2024-10-19,3.1
EMP-0010,106003,117781,0.9,2024-06-05,2.9
EMP-0011,127661,145069,0.88,2025-03-06,1.7
EMP-0012,137312,156036,0.88,2024-12-26,2.7
EMP-0013,106322,118136,0.9,2025-03-22,2.0
EMP-0014,130596,137469,0.95,2024-01-28,4.1
EMP-0015,95073,100077,0.95,2024-12-04,2.3
EMP-0016,135882,146110,0.93,2024-07-08,3.6
EMP-0017,110192,123811,0.89,2024-08-20,2.5
EMP-0018,78254,87926,0.89,2024-01-13,2.0
EMP-0019,72474,77100,0.94,2025-02-14,1.7
EMP-0020,160453,180284,0.89,2025-03-02,1.6
EMP-0021,152696,169662,0.9,2024-03-02,1.7
EMP-0022,69783,78408,0.89,2025-02-22,1.7
EMP-0023,132738,150839,0.88,2024-08-27,4.6
EMP-0024,94599,100637,0.94,2024-05-25,3.5
EMP-0025,161742,177738,0.91,2024-11-07,2.3
EMP-0026,47423,50992,0.93,2024-09-13,3.7
EMP-0027,100778,109541,0.92,2025-03-28,3.5
EMP-0028,157877,173491,0.91,2024-11-24,2.1
EMP-0029,66343,75390,0.88,2024-03-31,2.7
EMP-0030,105414,115840,0.91,2024-07-11,1.6
EMP-0031,74193,78929,0.94,2025-03-24,3.8
EMP-0032,124775,141790,0.88,2025-02-21,5.6
EMP-0033,111490,121185,0.92,2024-10-06,2.0
EMP-0034,56937,60571,0.94,2024-10-09,3.3
EMP-0035,65284,69451,0.94,2025-04-02,2.1
EMP-0036,158528,172313,0.92,2024-08-27,3.6
EMP-0037,70957,77975,0.91,2024-02-07,4.8
EMP-0038,61160,65763,0.93,2025-02-23,4.8
EMP-0039,65403,70326,0.93,2024-12-02,4.2
EMP-0040,119433,135719,0.88,2024-10-21,4.7
EMP-0041,74866,79645,0.94,2024-02-17,2.8
EMP-0042,76517,85974,0.89,2024-03-21,2.2
EMP-0043,71882,78991,0.91,2024-01-10,3.9
EMP-0044,71681,79646,0.9,2025-03-10,2.6
EMP-0045,51573,56058,0.92,2024-10-29,4.9
EMP-0046,131725,140133,0.94,2025-05-23,4.1
EMP-0047,65631,72923,0.9,2024-05-20,1.5
EMP-0048,49801,55956,0.89,2024-10-29,2.5
EMP-0049,136122,147959,0.92,2024-10-06,3.4
EMP-0050,125505,141017,0.89,2024-08-19,4.0
EMP-0051,121761,132349,0.92,2025-04-10,1.9
EMP-0052,59074,67130,0.88,2024-12-01,3.6
EMP-0053,97606,110916,0.88,2024-02-08,2.6
EMP-0054,80488,84724,0.95,2025-03-05,1.6
EMP-0055,94399,101504,0.93,2024-08-10,0.7
EMP-0056,105694,120107,0.88,2024-10-09,3.2
EMP-0057,103163,117231,0.88,2024-12-07,3.0
EMP-0058,77592,86213,0.9,2024-05-31,3.3
EMP-0059,68466,73619,0.93,2024-01-27,3.6
EMP-0060,78469,84375,0.93,2024-04-26,3.0
EMP-0061,92421,105024,0.88,2024-11-04,0.5
EMP-0062,78360,84258,0.93,2025-03-30,3.4
EMP-0063,75914,82515,0.92,2024-11-28,2.0
EMP-0064,79589,84669,0.94,2024-08-08,1.1
EMP-0065,79451,88279,0.9,2024-11-16,2.5
EMP-0066,124441,139821,0.89,2025-01-16,3.5
EMP-0067,92132,98013,0.94,2025-03-09,4.1
EMP-0068,51074,57387,0.89,2025-05-08,3.1
EMP-0069,103149,108578,0.95,2024-01-27,1.9
EMP-0070,123824,137582,0.9,2024-07-04,3.9
EMP-0071,51856,56985,0.91,2025-04-09,2.5
EMP-0072,135392,145583,0.93,2024-02-20,2.6
EMP-0073,71461,77675,0.92,2024-12-19,2.3
EMP-0074,56160,63818,0.88,2024-07-28,2.8
EMP-0075,57177,64244,0.89,2025-01-24,2.3
EMP-0076,129020,146614,0.88,2024-03-20,3.8
EMP-0077,70011,73696,0.95,2024-06-24,3.4
EMP-0078,68420,74370,0.92,2025-02-09,4.1
EMP-0079,50991,55425,0.92,2024-07-17,3.8
EMP-0080,72417,81367,0.89,2024-03-18,3.8
EMP-0081,140296,149251,0.94,2024-11-26,3.9
EMP-0082,69709,75771,0.92,2024-12-26,2.1
EMP-0083,129735,141016,0.92,2025-01-28,1.8
EMP-0084,101968,112053,0.91,2024-06-03,4.1
EMP-0085,54042,56886,0.95,2024-06-11,1.5
EMP-0086,111251,120925,0.92,2024-12-08,3.4
EMP-0087,131195,142603,0.92,2024-05-24,3.7
EMP-0088,72847,77497,0.94,2024-05-10,2.1
EMP-0089,89017,98908,0.9,2024-08-07,2.1
EMP-0090,59764,64262,0.93,2024-02-08,1.9
EMP-0091,66302,71292,0.93,2024-06-18,2.9
EMP-0092,73530,81700,0.9,2024-09-01,2.3
EMP-0093,171287,184180,0.93,2025-05-29,0.5
EMP-0094,53510,58163,0.92,2024-04-15,2.7
EMP-0095,69153,73567,0.94,2024-04-03,3.7
EMP-0096,54220,60244,0.9,2024-03-24,2.8
EMP-0097,55564,61059,0.91,2024-05-22,3.1
EMP-0098,69382,73034,0.95,2025-03-09,3.6
EMP-0099,77651,88240,0.88,2025-05-26,2.9
EMP-0100,74480,82756,0.9,2025-03-02,3.6
EMP-0101,109145,124028,0.88,2025-04-26,4.0
EMP-0102,76336,84818,0.9,2024-04-16,3.2
EMP-0103,89231,94927,0.94,2025-04-20,4.1
EMP-0104,54543,58024,0.94,2024-02-12,2.7
EMP-0105,57631,64034,0.9,2024-02-18,3.6
EMP-0106,125528,132135,0.95,2025-05-23,2.7
EMP-0107,124039,134825,0.92,2024-07-03,2.2
EMP-0108,73759,82875,0.89,2025-03-30,2.8
EMP-0109,101575,109220,0.93,2025-02-19,1.8
EMP-0110,109071,122552,0.89,2024-08-29,3.2
EMP-0111,70300,77253,0.91,2024-03-19,1.9
EMP-0112,72250,77688,0.93,2025-05-26,0.8
EMP-0113,128359,142621,0.9,2025-05-17,3.2
EMP-0114,163426,175727,0.93,2024-03-07,2.2
EMP-0115,128294,144151,0.89,2024-07-24,3.2
EMP-0116,95270,103554,0.92,2024-03-29,3.9
EMP-0117,132697,139681,0.95,2024-03-16,1.6
EMP-0118,103112,108539,0.95,2025-03-19,1.0
EMP-0119,74819,83132,0.9,2024-10-17,3.4
EMP-0120,95828,104161,0.92,2024-06-06,3.7
EMP-0121,59105,67165,0.88,2024-09-28,2.0
EMP-0122,90747,100830,0.9,2024-11-05,1.2
EMP-0123,101289,111307,0.91,2025-04-20,3.4
EMP-0124,168730,183402,0.92,2024-04-18,2.5
EMP-0125,58390,62117,0.94,2025-03-04,3.0
EMP-0126,85011,89485,0.95,2025-04-23,2.1
EMP-0127,100045,108745,0.92,2024-02-19,4.1
EMP-0128,132433,140886,0.94,2025-01-09,3.1
EMP-0129,70245,78927,0.89,2025-05-31,1.8
EMP-0130,162585,172963,0.94,2024-12-13,2.1
EMP-0131,73305,83301,0.88,2024-12-07,3.4
EMP-0132,69292,77856,0.89,2024-11-02,2.0
EMP-0133,71696,79662,0.9,2024-04-22,4.3
EMP-0134,158888,170847,0.93,2025-05-06,3.7
EMP-0135,59121,66428,0.89,2025-03-27,2.8
EMP-0136,163519,185817,0.88,2024-05-21,1.7
EMP-0137,158998,176664,0.9,2024-09-27,2.5
EMP-0138,72916,81018,0.9,2024-07-31,2.6
EMP-0139,69610,75663,0.92,2025-02-08,4.0
EMP-0140,144927,154178,0.94,2024-09-19,3.0
EMP-0141,52687,57268,0.92,2024-09-05,5.1
EMP-0142,78403,88093,0.89,2024-05-20,4.3
EMP-0143,100274,111416,0.9,2024-03-01,3.4
EMP-0144,158422,168534,0.94,2024-06-29,3.2
EMP-0145,129268,140509,0.92,2024-04-19,3.8
EMP-0146,127383,139981,0.91,2024-07-16,3.3
EMP-0147,52215,56755,0.92,2024-07-16,3.9
EMP-0148,60858,68380,0.89,2024-05-23,0.7
EMP-0149,76654,85171,0.9,2024-01-12,2.9
EMP-0150,106277,114276,0.93,2024-11-14,2.5
EMP-0151,68362,76811,0.89,2025-01-17,1.9
EMP-0152,134245,145918,0.92,2024-03-24,1.8
EMP-0153,54348,61065,0.89,2024-06-02,4.0
EMP-0154,141247,150263,0.94,2025-04-01,3.4
EMP-0155,51582,55465,0.93,2025-02-09,3.0
EMP-0156,75388,81943,0.92,2024-03-02,3.3
EMP-0157,74244,81587,0.91,2025-01-26,0.9
EMP-0158,57364,64454,0.89,2025-02-06,1.4
EMP-0159,158061,169958,0.93,2025-03-10,1.2
EMP-0160,73144,83118,0.88,2025-03-05,1.2
EMP-0161,49831,54164,0.92,2024-02-19,3.0
EMP-0162,132004,143483,0.92,2024-10-23,3.2
EMP-0163,144779,160866,0.9,2024-05-26,4.2
EMP-0164,99274,107907,0.92,2025-03-13,2.7
EMP-0165,74467,83671,0.89,2025-01-20,3.5
EMP-0166,137579,144820,0.95,2024-05-17,2.4
EMP-0167,56650,64375,0.88,2025-01-21,2.4
EMP-0168,121961,134023,0.91,2024-12-06,2.3
EMP-0169,143789,154612,0.93,2024-07-28,2.4
EMP-0170,102982,114424,0.9,2025-05-24,1.2
EMP-0171,76910,81819,0.94,2024-05-29,4.3
EMP-0172,75646,84051,0.9,2024-09-08,1.5
EMP-0173,160043,175871,0.91,2024-06-21,2.9
EMP-0174,153824,167200,0.92,2024-03-17,4.4
EMP-0175,53328,59253,0.9,2025-04-11,2.0
EMP-0176,58306,64073,0.91,2024-01-18,2.2
EMP-0177,129018,137253,0.94,2024-06-01,3.1
EMP-0178,59628,64813,0.92,2024-08-19,2.4
EMP-0179,83924,95368,0.88,2024-01-10,2.9
EMP-0180,127351,143091,0.89,2025-05-01,2.7
EMP-0181,86256,90796,0.95,2024-05-27,3.0
EMP-0182,89472,96206,0.93,2024-12-05,1.8
EMP-0183,58647,62390,0.94,2024-12-14,1.9
EMP-0184,52178,54924,0.95,2025-05-17,3.2
EMP-0185,108381,120423,0.9,2024-09-09,2.9
EMP-0186,127315,143051,0.89,2024-01-06,4.0
EMP-0187,73098,79454,0.92,2025-02-21,3.3
EMP-0188,131746,146384,0.9,2025-02-01,3.3
EMP-0189,67102,75396,0.89,2024-11-04,2.9
EMP-0190,77790,86433,0.9,2024-09-09,2.8
EMP-0191,51164,56849,0.9,2025-01-24,3.3
EMP-0192,52190,54937,0.95,2024-07-24,2.4
EMP-0193,160548,176426,0.91,2025-02-06,1.5
EMP-0194,111596,117469,0.95,2025-04-17,3.6
EMP-0195,98396,109329,0.9,2024-09-15,2.1
EMP-0196,91126,99050,0.92,2025-01-03,2.5
EMP-0197,88364,95015,0.93,2024-02-15,1.7
EMP-0198,53144,59049,0.9,2024-08-14,2.1
EMP-0199,162219,180243,0.9,2024-03-28,4.8
EMP-0200,110559,122843,0.9,2024-04-09,1.6
EMP-0201,133901,142448,0.94,2024-04-21,2.7
EMP-0202,72312,76118,0.95,2024-08-25,3.4
EMP-0203,121022,131546,0.92,2025-02-02,3.7
EMP-0204,130130,143000,0.91,2024-07-20,2.2
EMP-0205,101371,110186,0.92,2024-12-22,2.3
EMP-0206,57957,65120,0.89,2024-11-08,3.7
EMP-0207,104321,114638,0.91,2025-05-13,2.0
EMP-0208,69217,73635,0.94,2024-02-24,4.6
EMP-0209,147719,162329,0.91,2025-05-18,1.3
EMP-0210,58226,66166,0.88,2024-08-18,2.4
EMP-0211,99053,111296,0.89,2025-01-10,1.4
EMP-0212,53536,59484,0.9,2024-02-03,2.1
EMP-0213,131917,140337,0.94,2024-12-25,3.9
EMP-0214,122987,139758,0.88,2024-12-25,1.7
EMP-0215,73642,77518,0.95,2024-04-07,4.1
EMP-0216,138355,155455,0.89,2024-11-25,3.8
EMP-0217,90057,98964,0.91,2024-03-18,1.6
EMP-0218,89778,94503,0.95,2024-12-01,1.2
EMP-0219,123381,137090,0.9,2025-03-15,3.5
EMP-0220,93056,103396,0.9,2024-02-19,4.3
EMP-0221,76997,86513,0.89,2024-05-15,3.6
EMP-0222,72140,81977,0.88,2024-11-08,2.7
EMP-0223,49471,55585,0.89,2024-08-19,1.9
EMP-0224,159118,178784,0.89,2024-03-13,3.1
EMP-0225,132859,142859,0.93,2024-05-16,2.1
EMP-0226,92213,102459,0.9,2024-08-06,2.6
EMP-0227,127247,142974,0.89,2024-05-06,2.2
EMP-0228,72374,80416,0.9,2024-10-18,3.3
EMP-0229,89959,99954,0.9,2024-02-25,3.4
EMP-0230,66315,72082,0.92,2024-01-13,5.3
EMP-0231,74040,83191,0.89,2025-04-27,4.6
EMP-0232,72579,76399,0.95,2025-02-11,1.6
EMP-0233,54805,60894,0.9,2024-11-13,5.0
EMP-0234,107154,119060,0.9,2025-03-23,2.8
EMP-0235,48598,55225,0.88,2024-06-28,4.1
EMP-0236,107133,120374,0.89,2024-05-09,3.0
EMP-0237,64833,69713,0.93,2024-03-19,1.8
EMP-0238,75145,80801,0.93,2024-04-28,3.2
EMP-0239,107877,121210,0.89,2024-02-06,0.9
EMP-0240,71389,79321,0.9,2024-03-20,2.5
EMP-0241,158539,168659,0.94,2024-10-16,3.1
EMP-0242,70734,76058,0.93,2024-09-05,1.7
EMP-0243,132005,150006,0.88,2025-02-23,4.2
EMP-0244,131246,147467,0.89,2024-08-31,0.8
EMP-0245,168204,180865,0.93,2025-01-16,1.4
EMP-0246,102856,111800,0.92,2024-03-04,0.6
EMP-0247,166835,185372,0.9,2024-10-05,3.2
EMP-0248,62950,69944,0.9,2024-05-03,0.5
EMP-0249,72107,81019,0.89,2024-11-07,3.7
EMP-0250,50432,53086,0.95,2025-02-09,1.5
EMP-0251,129153,143503,0.9,2025-04-18,4.4
EMP-0252,58539,62945,0.93,2024-03-27,2.3
EMP-0253,157449,176909,0.89,2024-12-05,4.7
EMP-0254,141083,160322,0.88,2025-03-12,3.3
EMP-0255,134101,144195,0.93,2025-05-25,1.9
EMP-0256,57215,62190,0.92,2024-01-20,4.7
EMP-0257,74419,82688,0.9,2024-10-03,3.4
EMP-0258,57642,63343,0.91,2024-08-26,3.5
EMP-0259,129502,137768,0.94,2025-02-01,1.8
EMP-0260,82561,90726,0.91,2024-01-29,2.7
EMP-0261,154057,171174,0.9,2025-05-17,3.3
EMP-0262,100536,112962,0.89,2024-05-13,2.7
EMP-0263,103508,110115,0.94,2025-01-08,3.9
EMP-0264,73814,79370,0.93,2025-03-23,3.7
EMP-0265,83624,92916,0.9,2024-06-28,1.8
EMP-0266,167507,178199,0.94,2024-02-03,3.4
EMP-0267,57656,64062,0.9,2024-03-20,3.2
EMP-0268,89170,99078,0.9,2024-03-10,2.0
EMP-0269,139465,153258,0.91,2025-01-22,2.4
EMP-0270,78902,87669,0.9,2024-11-22,3.0
EMP-0271,133128,147920,0.9,2025-05-09,2.7
EMP-0272,51602,54318,0.95,2025-02-23,2.5
EMP-0273,67435,74104,0.91,2025-05-17,3.5
EMP-0274,105185,118185,0.89,2024-10-25,4.1
EMP-0275,98915,111140,0.89,2025-01-31,3.8
EMP-0276,84550,93944,0.9,2024-10-02,2.5
EMP-0277,128501,142779,0.9,2024-03-03,4.0
EMP-0278,67227,76394,0.88,2024-05-30,4.2
EMP-0279,58846,61943,0.95,2025-03-21,3.6
EMP-0280,171836,188831,0.91,2025-02-10,1.1
EMP-0281,125779,136716,0.92,2025-03-05,3.4
EMP-0282,162466,182546,0.89,2024-10-19,4.4
EMP-0283,89842,100946,0.89,2025-02-16,3.8
EMP-0284,107175,114016,0.94,2025-01-16,4.8
EMP-0285,131559,138483,0.95,2024-08-21,4.8
EMP-0286,113480,124703,0.91,2025-02-20,2.9
EMP-0287,49382,54266,0.91,2024-01-30,3.9
EMP-0288,112069,125920,0.89,2025-01-12,3.5
EMP-0289,92921,97812,0.95,2025-04-30,2.2
EMP-0290,72592,81564,0.89,2024-08-07,3.9
EMP-0291,92473,101619,0.91,2024-05-15,2.2
EMP-0292,122776,134919,0.91,2025-01-20,3.7
EMP-0293,124065,140983,0.88,2025-01-18,1.8
EMP-0294,96630,105033,0.92,2024-10-10,2.9
EMP-0295,140480,154374,0.91,2024-11-23,2.3
EMP-0296,67752,73643,0.92,2024-07-13,2.1
EMP-0297,108784,122229,0.89,2024-04-09,1.4
EMP-0298,102000,113333,0.9,2024-11-10,1.2
EMP-0299,106668,121214,0.88,2024-03-13,2.4
EMP-0300,75571,79548,0.95,2024-12-16,1.9
EMP-0301,104674,116304,0.9,2024-02-29,3.8
EMP-0302,100158,108867,0.92,2025-03-15,0.9
EMP-0303,82395,87654,0.94,2024-07-14,3.1
EMP-0304,75051,81577,0.92,2024-11-09,3.9
EMP-0305,110773,117844,0.94,2024-05-17,1.8
EMP-0306,60991,64201,0.95,2024-08-04,2.9
EMP-0307,68359,73504,0.93,2024-02-19,2.7
EMP-0308,74128,80574,0.92,2025-04-30,2.8
EMP-0309,95683,105146,0.91,2024-04-17,1.6
EMP-0310,99328,106804,0.93,2024-07-25,2.4
EMP-0311,165331,183701,0.9,2024-01-03,3.4
EMP-0312,55115,61927,0.89,2024-04-13,4.2
EMP-0313,52300,55638,0.94,2025-01-03,3.3
EMP-0314,52264,56198,0.93,2024-12-02,2.3
EMP-0315,79187,88974,0.89,2025-02-13,3.8
EMP-0316,98754,110960,0.89,2024-03-01,4.9
EMP-0317,128514,144398,0.89,2025-01-23,3.3
EMP-0318,120988,137486,0.88,2024-11-17,5.0
EMP-0319,75781,82371,0.92,2024-04-07,1.5
EMP-0320,57199,64999,0.88,2024-06-09,1.9
EMP-0321,74803,85003,0.88,2024-08-16,2.1
EMP-0322,127971,136139,0.94,2025-04-02,1.9
EMP-0323,63569,67627,0.94,2024-11-07,4.0
EMP-0324,124542,135372,0.92,2025-04-29,2.8
EMP-0325,51902,56415,0.92,2025-01-17,2.9
EMP-0326,54025,60702,0.89,2025-02-06,3.4
EMP-0327,61074,68622,0.89,2025-04-06,1.7
EMP-0328,102353,108886,0.94,2025-05-09,4.5
EMP-0329,52342,56893,0.92,2024-11-25,2.0
EMP-0330,159830,170032,0.94,2024-05-21,1.7
EMP-0331,135392,142518,0.95,2024-08-10,3.4
EMP-0332,168886,183572,0.92,2024-11-26,2.6
EMP-0333,149072,160292,0.93,2024-10-19,3.8
EMP-0334,71354,80173,0.89,2024-06-13,4.5
EMP-0335,74217,81557,0.91,2025-04-08,4.6
EMP-0336,81041,87141,0.93,2024-02-18,3.9
EMP-0337,127058,135168,0.94,2025-03-29,4.1
EMP-0338,65351,72612,0.9,2024-06-30,3.4
EMP-0339,54864,60960,0.9,2024-06-13,2.3
EMP-0340,53712,61036,0.88,2024-11-04,1.7
EMP-0341,100516,114223,0.88,2025-06-01,3.7
EMP-0342,137027,152252,0.9,2024-10-27,3.3
EMP-0343,60463,67181,0.9,2024-09-06,4.5
EMP-0344,73066,81184,0.9,2025-01-18,1.8
EMP-0345,74465,83669,0.89,2024-01-08,2.5
EMP-0346,72538,77998,0.93,2024-03-14,3.0
EMP-0347,53074,57689,0.92,2024-08-21,3.9
EMP-0348,53190,57815,0.92,2024-03-05,3.0
EMP-0349,68368,74313,0.92,2024-10-15,3.1
EMP-0350,92880,98809,0.94,2024-10-29,3.5
EMP-0351,54539,59282,0.92,2025-02-07,0.6
EMP-0352,72197,81120,0.89,2024-07-07,3.3
EMP-0353,142438,153159,0.93,2024-03-15,2.9
EMP-0354,102409,115066,0.89,2024-08-28,4.1
EMP-0355,79087,85040,0.93,2024-06-05,2.1
EMP-0356,73094,78596,0.93,2025-03-22,2.8
EMP-0357,79653,86579,0.92,2024-06-28,2.7
EMP-0358,73362,78884,0.93,2024-01-20,3.8
EMP-0359,69272,75296,0.92,2025-04-28,2.7
EMP-0360,126887,139436,0.91,2024-04-02,2.1
EMP-0361,134756,151411,0.89,2024-05-29,2.9
EMP-0362,69275,76972,0.9,2024-07-30,1.2
EMP-0363,54338,61054,0.89,2024-10-07,3.4
EMP-0364,95512,102701,0.93,2024-03-20,2.0
EMP-0365,129323,137578,0.94,2024-01-07,2.5
EMP-0366,99958,112312,0.89,2025-01-05,1.5
EMP-0367,122653,134784,0.91,2024-08-03,1.8
EMP-0368,52401,58878,0.89,2024-02-10,3.4
EMP-0369,157619,171325,0.92,2024-10-17,3.7
EMP-0370,73863,82992,0.89,2024-07-05,2.1
EMP-0371,94427,103766,0.91,2024-04-21,4.2
EMP-0372,100842,107279,0.94,2024-02-09,3.9
EMP-0373,154297,164146,0.94,2025-03-17,2.0
EMP-0374,159115,176794,0.9,2024-04-10,2.3
EMP-0375,132306,148658,0.89,2024-01-08,2.6
EMP-0376,98429,108164,0.91,2024-06-07,1.8
EMP-0377,77972,83841,0.93,2025-02-27,1.8
EMP-0378,97262,108069,0.9,2025-02-11,2.8
EMP-0379,48475,51569,0.94,2024-02-23,4.4
EMP-0380,114591,128754,0.89,2024-09-26,3.1
EMP-0381,102680,108084,0.95,2024-06-28,2.3
EMP-0382,52234,56776,0.92,2024-02-06,2.1
EMP-0383,80628,87639,0.92,2024-01-16,3.0
EMP-0384,157495,165784,0.95,2024-10-10,3.4
EMP-0385,87700,98539,0.89,2024-03-15,2.1
EMP-0386,129879,139655,0.93,2025-01-21,1.4
EMP-0387,125582,141103,0.89,2024-03-10,1.7
EMP-0388,80926,87963,0.92,2024-09-26,3.0
EMP-0389,102946,109517,0.94,2024-10-02,3.7
EMP-0390,82552,92755,0.89,2024-07-26,4.0
EMP-0391,49540,52147,0.95,2025-05-19,1.7
EMP-0392,69426,73857,0.94,2024-10-08,0.5
EMP-0393,131110,142511,0.92,2025-03-09,1.8
EMP-0394,101129,112366,0.9,2024-01-09,3.7
EMP-0395,100340,109065,0.92,2024-08-30,2.7
EMP-0396,87521,94109,0.93,2025-01-08,3.5
EMP-0397,95720,106356,0.9,2024-08-29,1.1
EMP-0398,95525,104973,0.91,2024-05-17,4.9
EMP-0399,129638,140911,0.92,2024-02-18,1.8
EMP-0400,106084,116576,0.91,2024-12-08,2.9
EMP-0401,79717,86649,0.92,2024-06-27,3.8
EMP-0402,129295,142082,0.91,2024-05-28,4.0
EMP-0403,92977,104469,0.89,2024-08-21,2.4
EMP-0404,81704,87854,0.93,2025-04-06,2.5
EMP-0405,102187,114817,0.89,2025-02-10,3.3
EMP-0406,131460,147708,0.89,2024-06-08,5.0
EMP-0407,137802,154834,0.89,2024-06-23,4.5
EMP-0408,161757,181749,0.89,2024-06-30,2.1
EMP-0409,72017,78279,0.92,2024-04-01,2.1
EMP-0410,56136,62373,0.9,2024-01-09,2.6
EMP-0411,122827,130667,0.94,2025-01-17,3.8
EMP-0412,142773,151886,0.94,2024-08-13,2.9
EMP-0413,136960,152178,0.9,2024-10-02,1.3
EMP-0414,106799,117362,0.91,2024-11-24,3.3
EMP-0415,75194,82631,0.91,2024-01-09,3.1
EMP-0416,77841,85540,0.91,2024-02-02,2.1
EMP-0417,60621,68113,0.89,2024-09-13,3.8
EMP-0418,66440,73011,0.91,2024-04-06,0.5
EMP-0419,157495,169349,0.93,2024-05-05,3.0
EMP-0420,169508,188342,0.9,2024-06-20,3.4
EMP-0421,91504,98391,0.93,2024-06-07,2.7
EMP-0422,76565,87006,0.88,2024-06-06,2.5
EMP-0423,148743,158237,0.94,2025-03-25,3.0
EMP-0424,73967,79534,0.93,2024-10-28,1.9
EMP-0425,73460,78149,0.94,2024-06-13,3.5
EMP-0426,101623,111674,0.91,2024-07-08,4.0
EMP-0427,123779,131680,0.94,2024-07-13,1.8
EMP-0428,74116,83276,0.89,2024-03-09,5.3
EMP-0429,104268,113335,0.92,2025-02-01,2.3
EMP-0430,69886,79416,0.88,2024-08-01,1.7
EMP-0431,65473,69652,0.94,2024-02-29,3.4
EMP-0432,52655,59163,0.89,2024-08-24,2.4
EMP-0433,99146,106609,0.93,2025-01-01,2.3
EMP-0434,90765,97597,0.93,2025-03-29,5.0
EMP-0435,70624,75132,0.94,2024-11-27,2.0
EMP-0436,154597,162734,0.95,2025-04-03,3.0
EMP-0437,99967,111074,0.9,2024-08-15,3.2
EMP-0438,105657,118716,0.89,2025-04-16,2.7
EMP-0439,77150,83859,0.92,2024-08-10,2.8
EMP-0440,119361,135638,0.88,2025-01-25,3.3
EMP-0441,75803,81509,0.93,2024-01-12,2.1
EMP-0442,69728,77476,0.9,2024-08-14,3.9
EMP-0443,108187,118887,0.91,2025-02-07,3.5
EMP-0444,57419,61741,0.93,2024-05-13,3.1
EMP-0445,69291,76990,0.9,2024-09-29,3.1
EMP-0446,70643,78492,0.9,2024-01-25,3.1
EMP-0447,95971,102097,0.94,2024-08-27,3.3
EMP-0448,79598,84679,0.94,2024-10-21,4.5
EMP-0449,55442,62294,0.89,2024-09-21,1.7
EMP-0450,157189,174654,0.9,2024-03-02,2.6
EMP-0451,111496,122523,0.91,2024-10-04,1.9
EMP-0452,117419,130466,0.9,2025-01-24,1.4
EMP-0453,99438,108085,0.92,2025-04-13,1.5
EMP-0454,72062,80969,0.89,2024-12-21,2.6
EMP-0455,124277,132210,0.94,2024-01-31,5.3
EMP-0456,94406,102615,0.92,2024-08-20,1.9
EMP-0457,78237,84126,0.93,2024-07-26,3.6
EMP-0458,95643,106270,0.9,2024-05-01,3.8
EMP-0459,141676,157418,0.9,2024-10-07,3.4
EMP-0460,103511,112512,0.92,2024-08-25,3.0
EMP-0461,131522,141422,0.93,2024-07-07,3.7
EMP-0462,51895,54626,0.95,2024-08-15,2.9
EMP-0463,110149,122388,0.9,2025-04-13,3.8
EMP-0464,125430,132032,0.95,2024-02-09,1.9
EMP-0465,74291,80751,0.92,2024-02-20,3.4
EMP-0466,80001,86023,0.93,2024-05-25,1.6
EMP-0467,132180,148517,0.89,2025-02-27,2.9
EMP-0468,131341,145934,0.9,2024-06-16,2.9
EMP-0469,53322,57335,0.93,2024-06-12,2.3
EMP-0470,78380,84280,0.93,2024-02-22,2.2
EMP-0471,56389,64078,0.88,2024-09-16,4.2
EMP-0472,100599,111777,0.9,2025-05-02,2.0
EMP-0473,132063,143547,0.92,2024-07-31,3.5
EMP-0474,101143,112381,0.9,2024-03-30,4.0
EMP-0475,102100,110978,0.92,2024-06-30,4.6
EMP-0476,73252,78766,0.93,2024-03-07,2.9
EMP-0477,103455,112451,0.92,2024-04-21,0.5
EMP-0478,151949,166977,0.91,2024-11-20,2.9
EMP-0479,108707,118160,0.92,2025-05-19,3.7
EMP-0480,48540,51638,0.94,2024-07-31,4.1
EMP-0481,80000,90909,0.88,2024-07-25,2.7
EMP-0482,95250,102419,0.93,2024-12-15,2.0
EMP-0483,135256,143889,0.94,2024-02-06,2.3
EMP-0484,153943,167329,0.92,2024-11-19,2.8
EMP-0485,54780,58277,0.94,2024-12-13,4.4
EMP-0486,74279,79870,0.93,2024-11-18,2.8
EMP-0487,94862,103111,0.92,2024-06-28,4.3
EMP-0488,58788,66054,0.89,2025-05-10,2.9
EMP-0489,121930,128347,0.95,2024-07-29,2.8
EMP-0490,152700,162447,0.94,2024-12-07,2.7
EMP-0491,130423,144914,0.9,2024-07-16,2.7
EMP-0492,81002,85265,0.95,2024-04-14,3.3
EMP-0493,105963,117737,0.9,2024-12-12,2.7
EMP-0494,54729,60142,0.91,2024-07-02,2.4
EMP-0495,64891,68306,0.95,2025-04-21,2.6
EMP-0496,98784,108554,0.91,2024-08-17,4.3
EMP-0497,111130,118223,0.94,2024-11-28,2.8
EMP-0498,100478,108041,0.93,2024-05-10,2.0
EMP-0499,129660,142484,0.91,2025-02-27,3.1
EMP-0500,78727,84653,0.93,2025-03-21,2.2
EMP-0501,127499,135637,0.94,2024-04-27,2.1
EMP-0502,71949,78205,0.92,2025-01-23,2.3
EMP-0503,138482,148905,0.93,2024-06-01,2.2
EMP-0504,76209,82836,0.92,2024-11-07,5.0
EMP-0505,92326,98219,0.94,2024-10-28,5.0
EMP-0506,135480,144128,0.94,2024-02-01,3.1
EMP-0507,82749,92976,0.89,2024-06-26,2.4
EMP-0508,75508,84840,0.89,2024-03-14,2.7
EMP-0509,53507,56922,0.94,2025-03-11,2.2
EMP-0510,71151,78188,0.91,2024-01-08,1.3
EMP-0511,153926,174916,0.88,2024-02-08,1.6
EMP-0512,52838,58064,0.91,2024-03-21,1.6
EMP-0513,98662,109624,0.9,2024-02-24,4.0
EMP-0514,155302,170662,0.91,2024-10-28,2.9
EMP-0515,76301,82936,0.92,2024-02-22,2.5
EMP-0516,52697,56061,0.94,2024-10-11,3.0
EMP-0517,109220,117441,0.93,2025-01-13,3.3
EMP-0518,125151,131738,0.95,2024-06-06,3.9
EMP-0519,120501,130979,0.92,2024-12-19,3.7
EMP-0520,76312,82056,0.93,2024-08-27,1.9
EMP-0521,137146,145900,0.94,2025-04-04,2.4
EMP-0522,103921,110554,0.94,2024-10-06,2.6
EMP-0523,78393,84294,0.93,2024-07-18,1.5
EMP-0524,98746,108512,0.91,2024-04-16,2.6
EMP-0525,52149,54894,0.95,2024-08-10,4.4
EMP-0526,53545,56963,0.94,2024-07-08,4.2
EMP-0527,93749,100805,0.93,2024-11-27,2.9
EMP-0528,83701,88106,0.95,2024-09-28,3.2
EMP-0529,102274,111167,0.92,2025-03-17,3.3
EMP-0530,59692,64185,0.93,2024-01-20,3.5
EMP-0531,73281,77959,0.94,2024-01-04,0.6
EMP-0532,128474,145993,0.88,2025-05-08,3.9
EMP-0533,79271,87111,0.91,2024-12-14,4.0
EMP-0534,56791,63810,0.89,2025-02-03,4.1
EMP-0535,124302,139665,0.89,2024-09-01,2.6
EMP-0536,160163,182003,0.88,2024-02-27,2.2
EMP-0537,109075,122556,0.89,2024-08-26,3.2
EMP-0538,99168,110187,0.9,2024-05-13,4.4
EMP-0539,75638,80466,0.94,2024-04-18,4.0
EMP-0540,79420,88244,0.9,2024-05-20,1.9
EMP-0541,86644,97353,0.89,2025-03-01,3.5
EMP-0542,57788,62813,0.92,2024-06-10,4.1
EMP-0543,130755,143687,0.91,2025-05-02,2.8
EMP-0544,71823,78068,0.92,2025-05-26,2.7
EMP-0545,98148,103314,0.95,2024-04-07,1.5
EMP-0546,120971,134412,0.9,2024-07-17,3.4
EMP-0547,102465,110177,0.93,2024-10-18,3.2
EMP-0548,134910,151584,0.89,2024-01-30,2.5
EMP-0549,75233,80896,0.93,2024-11-29,3.1
EMP-0550,133195,149657,0.89,2025-05-11,4.0
EMP-0551,76791,82571,0.93,2025-01-02,3.7
EMP-0552,54657,58146,0.94,2025-04-14,1.5
EMP-0553,135539,144190,0.94,2024-08-23,4.7
EMP-0554,136797,147094,0.93,2024-09-09,3.0
EMP-0555,137115,155812,0.88,2025-04-26,2.9
EMP-0556,122145,134225,0.91,2024-09-03,4.4
EMP-0557,79170,89966,0.88,2024-11-08,3.6
EMP-0558,106286,119422,0.89,2025-01-14,1.9
EMP-0559,92562,99529,0.93,2024-07-31,3.1
EMP-0560,127337,139931,0.91,2024-02-11,2.6
EMP-0561,56547,61464,0.92,2025-05-04,2.9
EMP-0562,118898,132109,0.9,2024-03-05,2.2
EMP-0563,105244,111962,0.94,2024-10-26,2.1
EMP-0564,55949,58894,0.95,2024-03-19,3.6
EMP-0565,103398,114887,0.9,2024-05-15,2.0
EMP-0566,55568,59751,0.93,2025-02-25,1.7
EMP-0567,125379,139310,0.9,2024-05-15,3.7
EMP-0568,156598,173998,0.9,2025-04-11,4.3
EMP-0569,157485,176949,0.89,2024-04-29,3.8
EMP-0570,76116,81845,0.93,2024-12-18,3.7
EMP-0571,165828,178310,0.93,2025-04-14,3.5
EMP-0572,98298,104572,0.94,2025-03-28,2.7
EMP-0573,56381,61284,0.92,2024-08-13,2.6
EMP-0574,100978,113458,0.89,2024-03-26,1.9
EMP-0575,98270,104543,0.94,2025-01-04,1.7
EMP-0576,58174,64638,0.9,2025-04-01,3.3
EMP-0577,73479,79010,0.93,2025-02-28,3.9
EMP-0578,106818,121384,0.88,2025-01-19,3.9
EMP-0579,103610,116416,0.89,2025-01-25,2.7
EMP-0580,107506,122166,0.88,2024-01-03,3.5
EMP-0581,78479,89181,0.88,2024-10-10,0.5
EMP-0582,100773,108358,0.93,2024-05-02,1.9
EMP-0583,58873,62631,0.94,2024-05-18,2.8
EMP-0584,55858,60715,0.92,2024-03-19,1.3
EMP-0585,99011,105331,0.94,2024-10-04,2.4
EMP-0586,120646,131137,0.92,2025-01-16,3.2
EMP-0587,93242,101350,0.92,2024-04-26,1.1
EMP-0588,80524,90476,0.89,2025-03-28,4.0
EMP-0589,52127,58570,0.89,2024-05-25,2.7
EMP-0590,94713,107628,0.88,2025-05-10,3.0
EMP-0591,98037,104295,0.94,2024-02-14,4.4
EMP-0592,104001,111829,0.93,2024-01-30,4.6
EMP-0593,80221,87197,0.92,2024-03-10,4.1
EMP-0594,165108,187623,0.88,2024-04-11,5.0
EMP-0595,69844,78476,0.89,2024-12-29,4.0
EMP-0596,129179,141955,0.91,2024-05-19,2.1
EMP-0597,55083,60531,0.91,2025-04-12,2.3
EMP-0598,72450,77074,0.94,2025-05-02,3.9
EMP-0599,73213,82262,0.89,2025-02-08,1.9
EMP-0600,165208,179574,0.92,2025-02-17,4.4
EMP-0601,108869,120966,0.9,2025-02-18,4.2
EMP-0602,74531,81012,0.92,2024-05-17,4.6
EMP-0603,162025,174220,0.93,2024-06-05,2.5
EMP-0604,138808,149256,0.93,2025-05-17,1.8
EMP-0605,159749,175548,0.91,2025-01-20,2.7
EMP-0606,130637,143557,0.91,2024-11-15,2.8
EMP-0607,92470,100511,0.92,2025-05-02,2.5
EMP-0608,98518,105933,0.93,2024-10-18,2.9
EMP-0609,76080,86455,0.88,2024-12-15,2.2
EMP-0610,104806,112695,0.93,2024-03-27,3.3
EMP-0611,54345,59720,0.91,2025-03-08,1.0
EMP-0612,94049,102227,0.92,2024-11-26,1.4
EMP-0613,94666,106366,0.89,2024-11-02,2.3
EMP-0614,79051,87834,0.9,2025-02-15,3.5
EMP-0615,68409,72776,0.94,2025-05-01,2.2
EMP-0616,77042,86564,0.89,2025-02-15,3.0
EMP-0617,138024,155083,0.89,2025-04-23,2.8
EMP-0618,109443,122970,0.89,2024-06-03,3.0
EMP-0619,88648,94306,0.94,2024-06-13,2.9
EMP-0620,81774,89862,0.91,2025-03-22,1.1
EMP-0621,58409,62805,0.93,2024-02-13,4.1
EMP-0622,73699,83749,0.88,2025-02-20,4.2
EMP-0623,70492,76622,0.92,2024-05-03,1.1
EMP-0624,73708,81898,0.9,2025-02-03,3.6
EMP-0625,67249,73900,0.91,2024-02-27,2.0
EMP-0626,100391,106799,0.94,2024-05-28,2.0
EMP-0627,59009,63451,0.93,2024-09-02,3.0
EMP-0628,136569,145286,0.94,2025-02-06,5.0
EMP-0629,70082,76176,0.92,2025-02-20,3.2
EMP-0630,154827,164710,0.94,2024-04-12,3.7
EMP-0631,90784,99763,0.91,2024-01-29,3.1
EMP-0632,50240,55822,0.9,2024-03-25,3.6
EMP-0633,133241,146419,0.91,2024-05-16,2.9
EMP-0634,82609,87882,0.94,2024-08-17,3.2
EMP-0635,160187,177986,0.9,2024-06-21,4.3
EMP-0636,162846,182973,0.89,2025-03-21,3.3
EMP-0637,63645,68435,0.93,2025-01-26,4.3
EMP-0638,139585,156837,0.89,2024-05-29,5.7
EMP-0639,77457,87030,0.89,2025-04-25,3.6
EMP-0640,134375,149306,0.9,2024-04-07,2.7
EMP-0641,159235,180949,0.88,2025-05-31,2.4
EMP-0642,53068,59627,0.89,2025-05-19,4.9
EMP-0643,70653,78503,0.9,2024-05-10,0.5
EMP-0644,160089,174010,0.92,2025-03-22,3.7
EMP-0645,53188,59098,0.9,2024-02-06,2.4
EMP-0646,55370,60846,0.91,2025-05-19,4.2
EMP-0647,80179,85297,0.94,2024-10-06,1.6
EMP-0648,126194,134249,0.94,2024-09-09,3.2
EMP-0649,67533,71844,0.94,2024-06-06,4.1
EMP-0650,101336,106669,0.95,2025-04-08,2.3
EMP-0651,139636,148549,0.94,2024-03-13,1.7
EMP-0652,73018,82975,0.88,2024-08-01,3.9
EMP-0653,109901,116916,0.94,2024-05-14,2.7
EMP-0654,76741,85268,0.9,2025-03-09,3.9
EMP-0655,103752,112774,0.92,2025-04-19,2.4
EMP-0656,50691,56956,0.89,2025-05-04,2.1
EMP-0657,88684,99645,0.89,2024-02-16,1.8
EMP-0658,129329,140575,0.92,2025-05-30,4.6
EMP-0659,131117,144085,0.91,2024-10-31,2.4
EMP-0660,82385,92567,0.89,2024-09-22,3.3
EMP-0661,53859,59186,0.91,2025-02-18,4.8
EMP-0662,117282,126110,0.93,2025-02-08,3.1
EMP-0663,127311,135437,0.94,2024-08-02,2.4
EMP-0664,75331,82781,0.91,2025-04-30,2.6
EMP-0665,55782,62676,0.89,2025-02-05,3.1
EMP-0666,130264,141591,0.92,2024-10-24,4.0
EMP-0667,161552,173712,0.93,2024-01-20,2.2
EMP-0668,132734,144276,0.92,2024-12-21,2.0
EMP-0669,102277,111171,0.92,2024-12-13,4.7
EMP-0670,153831,163650,0.94,2024-06-14,2.4
EMP-0671,72177,81098,0.89,2025-03-01,4.1
EMP-0672,157276,174751,0.9,2024-06-11,3.9
EMP-0673,83818,93131,0.9,2024-08-17,0.5
EMP-0674,76361,82109,0.93,2024-04-16,2.4
EMP-0675,145330,156269,0.93,2024-04-14,3.1
EMP-0676,128253,137906,0.93,2025-03-28,3.1
EMP-0677,69143,73556,0.94,2025-03-25,4.7
EMP-0678,73376,82445,0.89,2025-01-16,2.8
EMP-0679,69946,74411,0.94,2025-02-27,4.9
EMP-0680,51491,54201,0.95,2024-03-27,2.5
EMP-0681,105743,112493,0.94,2024-02-29,5.8
EMP-0682,127399,136988,0.93,2024-11-17,3.1
EMP-0683,129547,145558,0.89,2025-03-28,2.3
EMP-0684,48406,52049,0.93,2024-05-09,1.8
EMP-0685,74200,80652,0.92,2024-01-24,4.8
EMP-0686,132074,142015,0.93,2025-01-16,2.9
EMP-0687,80940,91977,0.88,2024-12-13,4.8
EMP-0688,128710,143011,0.9,2024-05-23,2.7
EMP-0689,92128,103515,0.89,2025-03-11,3.2
EMP-0690,73178,78686,0.93,2025-02-16,2.0
EMP-0691,95754,100794,0.95,2025-05-16,2.9
EMP-0692,93121,98022,0.95,2024-04-30,2.6
EMP-0693,153093,162865,0.94,2024-04-22,3.9
EMP-0694,79483,88314,0.9,2024-01-29,3.1
EMP-0695,126431,134501,0.94,2025-05-15,4.3
EMP-0696,100110,106500,0.94,2025-01-21,1.4
EMP-0697,101649,111702,0.91,2025-04-04,4.0
EMP-0698,81496,90551,0.9,2024-02-16,5.0
EMP-0699,126353,134418,0.94,2024-11-12,2.5
EMP-0700,98717,107301,0.92,2025-05-02,2.8
EMP-0701,129979,142834,0.91,2024-11-24,2.8
EMP-0702,75878,83382,0.91,2024-04-03,3.3
EMP-0703,76509,85010,0.9,2025-02-21,2.8
EMP-0704,73430,82506,0.89,2024-11-27,2.9
EMP-0705,145869,160296,0.91,2025-05-31,2.6
EMP-0706,76634,84213,0.91,2024-08-27,3.2
EMP-0707,74500,82778,0.9,2025-02-20,1.2
EMP-0708,78221,86912,0.9,2025-03-09,4.2
EMP-0709,157960,169849,0.93,2024-06-20,5.3
EMP-0710,130053,138354,0.94,2024-08-05,2.0
EMP-0711,95938,105426,0.91,2024-05-05,3.8
EMP-0712,90628,95398,0.95,2024-09-24,4.6
EMP-0713,73999,82221,0.9,2024-05-16,3.0
EMP-0714,74745,80371,0.93,2024-03-24,3.3
EMP-0715,90616,96400,0.94,2025-01-01,1.6
EMP-0716,168322,187024,0.9,2024-01-21,3.1
EMP-0717,89942,99936,0.9,2025-05-20,3.3
EMP-0718,74721,83956,0.89,2024-10-11,1.9
EMP-0719,96726,108681,0.89,2024-05-11,3.0
EMP-0720,72390,76200,0.95,2024-09-15,2.1
EMP-0721,117477,124976,0.94,2025-02-20,2.8
EMP-0722,139952,159036,0.88,2025-03-06,2.1
EMP-0723,128824,135604,0.95,2025-03-09,5.2
EMP-0724,53050,60284,0.88,2025-03-18,3.5
EMP-0725,91655,97505,0.94,2024-08-30,4.6
EMP-0726,95996,107861,0.89,2024-03-03,3.8
EMP-0727,53378,60657,0.88,2024-02-27,2.2
EMP-0728,127973,136141,0.94,2024-01-11,1.9
EMP-0729,76612,87059,0.88,2024-12-02,2.6
EMP-0730,98329,110482,0.89,2024-09-19,2.3
EMP-0731,58013,65183,0.89,2025-03-22,1.6
EMP-0732,129202,143558,0.9,2024-12-17,2.3
EMP-0733,63546,67602,0.94,2025-03-08,1.5
EMP-0734,115179,125195,0.92,2024-12-05,3.8
EMP-0735,69821,74278,0.94,2024-02-13,0.8
EMP-0736,75287,80093,0.94,2025-01-19,3.2
EMP-0737,78066,87715,0.89,2025-03-26,3.5
EMP-0738,81237,86422,0.94,2024-06-27,2.3
EMP-0739,137163,145918,0.94,2024-05-20,1.7
EMP-0740,108089,116225,0.93,2025-03-20,3.3
EMP-0741,73728,81020,0.91,2025-03-15,3.7
EMP-0742,129280,145258,0.89,2024-09-10,4.7
EMP-0743,77926,85633,0.91,2024-03-07,3.5
EMP-0744,105738,114933,0.92,2025-05-09,2.7
EMP-0745,92390,98287,0.94,2025-04-07,3.7
EMP-0746,71196,77387,0.92,2024-05-17,3.0
EMP-0747,52213,58014,0.9,2025-04-06,2.0
EMP-0748,55692,61880,0.9,2024-03-18,2.7
EMP-0749,132141,148473,0.89,2025-01-03,3.6
EMP-0750,131062,147261,0.89,2024-05-21,4.7
EMP-0751,74916,78859,0.95,2024-01-13,1.8
EMP-0752,131399,145999,0.9,2025-04-24,2.8
EMP-0753,69520,78112,0.89,2025-04-05,3.1
EMP-0754,74013,81333,0.91,2024-12-29,2.4
EMP-0755,105871,112629,0.94,2024-06-06,6.0
EMP-0756,126948,133629,0.95,2024-03-06,2.4
EMP-0757,99074,111319,0.89,2024-06-30,4.5
EMP-0758,56019,62943,0.89,2024-10-25,2.8
EMP-0759,73395,82466,0.89,2024-04-23,3.7
EMP-0760,57517,63205,0.91,2025-05-01,3.7
EMP-0761,137328,154301,0.89,2024-05-26,1.2
EMP-0762,164160,180396,0.91,2024-02-10,2.9
EMP-0763,70893,78770,0.9,2025-03-18,0.9
EMP-0764,103839,110467,0.94,2024-06-10,2.8
EMP-0765,59636,64125,0.93,2025-05-31,3.1
EMP-0766,94110,105742,0.89,2025-04-17,1.8
EMP-0767,80622,89580,0.9,2025-04-20,2.6
EMP-0768,55120,61933,0.89,2024-01-19,2.5
EMP-0769,73055,78554,0.93,2024-06-06,2.4
EMP-0770,101520,110348,0.92,2024-04-15,2.3
EMP-0771,133632,146848,0.91,2024-09-01,3.1
EMP-0772,101140,106463,0.95,2024-04-08,3.5
EMP-0773,87982,95633,0.92,2024-07-13,1.3
EMP-0774,66766,75018,0.89,2025-02-15,2.9
EMP-0775,99148,107770,0.92,2024-02-14,3.6
EMP-0776,131922,146580,0.9,2024-04-07,0.7
EMP-0777,88950,93632,0.95,2025-05-08,3.2
EMP-0778,100518,111687,0.9,2024-05-07,2.4
EMP-0779,60086,67512,0.89,2025-01-19,3.1
EMP-0780,55889,60749,0.92,2025-02-28,2.5
EMP-0781,71693,81469,0.88,2024-09-11,3.5
EMP-0782,90241,98088,0.92,2024-03-07,3.3
EMP-0783,158147,177693,0.89,2024-07-28,3.0
EMP-0784,77010,85567,0.9,2024-10-19,0.7
EMP-0785,50965,56005,0.91,2025-04-27,1.9
EMP-0786,56424,60026,0.94,2024-11-03,2.5
EMP-0787,73379,79760,0.92,2025-05-07,3.5
EMP-0788,55789,59988,0.93,2025-05-18,2.1
EMP-0789,77926,85633,0.91,2024-02-09,3.5
EMP-0790,159837,173736,0.92,2025-05-15,2.4
EMP-0791,71406,77615,0.92,2024-01-29,2.5
EMP-0792,68189,77488,0.88,2024-04-04,1.6
EMP-0793,66214,71198,0.93,2025-05-27,4.4
EMP-0794,128029,143853,0.89,2024-12-18,3.3
EMP-0795,52573,59742,0.88,2024-03-12,3.2
EMP-0796,69857,75115,0.93,2024-07-21,1.8
EMP-0797,75502,84834,0.89,2024-07-15,2.9
EMP-0798,62176,69861,0.89,2024-03-28,2.4
EMP-0799,103729,116549,0.89,2024-03-03,2.7
EMP-0800,116531,126664,0.92,2024-09-29,4.0
