spend_id,campaign_id,spend_date,amount_usd,impressions,cpm,platform
SP-00562,CAMP-005,2025-08-18,1373.2,124384,11.04,YouTube
SP-00263,CAMP-007,2025-08-08,887.31,51647,17.18,Google Ads
SP-00448,CAMP-001,2025-09-08,1333.83,94064,14.18,LinkedIn
SP-00013,CAMP-007,2025-07-31,501.57,48181,10.41,Google Ads
SP-00544,CAMP-003,2025-09-29,1056.62,86964,12.15,Meta
SP-00561,CAMP-005,2025-09-02,749.85,54219,13.83,YouTube
SP-00668,CAMP-008,2025-09-21,1001.54,70930,14.12,LinkedIn
SP-01194,CAMP-040,2025-08-12,679.92,64203,10.59,TikTok
SP-00800,CAMP-015,2025-08-05,894.41,62284,14.36,TikTok
SP-00688,CAMP-009,2025-09-09,1241.9,196192,6.33,Google Ads
SP-01197,CAMP-040,2025-07-31,1420.83,125515,11.32,TikTok
SP-00548,CAMP-003,2025-08-02,1087.34,89937,12.09,Google Ads
SP-00414,CAMP-007,2025-09-11,1091.3,72996,14.95,Google Ads
SP-00043,CAMP-007,2025-07-23,1177.19,108898,10.81,Google Ads
SP-01037,CAMP-029,2025-08-21,1121.48,98031,11.44,Google Ads
SP-00409,CAMP-007,2025-08-27,1479.13,131244,11.27,Google Ads
SP-00438,CAMP-007,2025-08-24,1086.31,113988,9.53,Google Ads
SP-00639,CAMP-006,2025-09-11,701.12,69832,10.04,Google Ads
SP-00655,CAMP-008,2025-08-04,616.86,62498,9.87,TikTok
SP-00415,CAMP-007,2025-09-23,1135.69,71697,15.84,Google Ads
SP-00764,CAMP-013,2025-09-12,977.62,75843,12.89,Google Ads
SP-00813,CAMP-017,2025-09-21,1094.09,82386,13.28,Meta
SP-00606,CAMP-006,2025-09-21,1299.01,122202,10.63,Google Ads
SP-01175,CAMP-037,2025-08-13,872.45,77139,11.31,TikTok
SP-00476,CAMP-001,2025-08-06,1331.43,97043,13.72,LinkedIn
SP-00384,CAMP-007,2025-09-03,791.84,65333,12.12,Google Ads
SP-00552,CAMP-003,2025-07-05,934.14,98020,9.53,Google Ads
SP-01164,CAMP-036,2025-08-19,1027.29,105255,9.76,Meta
SP-00899,CAMP-021,2025-09-27,832.65,88204,9.44,YouTube
SP-00896,CAMP-021,2025-09-29,970.28,92056,10.54,TikTok
SP-00085,CAMP-007,2025-09-26,284.39,16768,16.96,Google Ads
SP-00294,CAMP-007,2025-09-19,677.46,50406,13.44,Google Ads
SP-01102,CAMP-033,2025-09-23,1006.36,126905,7.93,Google Ads
SP-00650,CAMP-008,2025-09-21,1103.48,85940,12.84,LinkedIn
SP-01155,CAMP-036,2025-08-20,816.52,53402,15.29,TikTok
SP-00014,CAMP-007,2025-07-08,825.86,63970,12.91,Google Ads
SP-00432,CAMP-007,2025-09-13,1243.31,189240,6.57,Google Ads
SP-01049,CAMP-030,2025-09-20,528.85,82375,6.42,Google Ads
SP-00297,CAMP-007,2025-07-03,1009.71,82425,12.25,Google Ads
SP-00358,CAMP-007,2025-08-13,1544.54,129466,11.93,Google Ads
SP-00299,CAMP-007,2025-09-28,530.6,81882,6.48,Google Ads
SP-00984,CAMP-025,2025-07-11,988.81,84297,11.73,Google Ads
SP-00482,CAMP-001,2025-07-12,1021.02,82740,12.34,TikTok
SP-00570,CAMP-005,2025-08-24,1265.33,122847,10.3,TikTok
SP-00857,CAMP-019,2025-09-19,1069.6,178564,5.99,Meta
SP-00905,CAMP-021,2025-09-24,1453.32,99884,14.55,YouTube
SP-01025,CAMP-029,2025-08-09,750.16,52642,14.25,Google Ads
SP-00571,CAMP-005,2025-09-12,1231.4,89817,13.71,TikTok
SP-00621,CAMP-006,2025-09-21,859.63,70346,12.22,Google Ads
SP-00649,CAMP-008,2025-08-11,513.0,33661,15.24,Meta
SP-01101,CAMP-033,2025-09-23,910.06,72055,12.63,Google Ads
SP-00856,CAMP-019,2025-09-03,1167.95,92547,12.62,TikTok
SP-00784,CAMP-014,2025-09-26,516.53,46325,11.15,Meta
SP-00563,CAMP-005,2025-09-13,1639.54,115055,14.25,YouTube
SP-00179,CAMP-007,2025-08-12,1132.74,140888,8.04,Google Ads
SP-00171,CAMP-007,2025-08-16,623.15,39843,15.64,Google Ads
SP-00452,CAMP-001,2025-08-09,714.09,51225,13.94,LinkedIn
SP-00969,CAMP-024,2025-08-15,932.84,77931,11.97,Google Ads
SP-01072,CAMP-031,2025-07-23,1043.62,134141,7.78,YouTube
SP-00475,CAMP-001,2025-07-20,567.3,66506,8.53,LinkedIn
SP-00454,CAMP-001,2025-08-06,880.41,73921,11.91,LinkedIn
SP-00427,CAMP-007,2025-08-21,1548.38,254667,6.08,Google Ads
SP-00698,CAMP-011,2025-07-30,656.88,63898,10.28,TikTok
SP-00048,CAMP-007,2025-08-22,1456.1,139339,10.45,Google Ads
SP-00236,CAMP-007,2025-09-09,1087.4,101247,10.74,Google Ads
SP-00711,CAMP-011,2025-07-03,664.28,61507,10.8,LinkedIn
SP-00599,CAMP-006,2025-08-15,807.97,80076,10.09,Google Ads
SP-00819,CAMP-017,2025-09-24,149.6,10033,14.91,Google Ads
SP-01023,CAMP-029,2025-08-20,904.18,118039,7.66,Google Ads
SP-00309,CAMP-007,2025-09-12,759.56,64424,11.79,Google Ads
SP-00682,CAMP-009,2025-09-29,1141.65,114050,10.01,Google Ads
SP-00948,CAMP-024,2025-07-13,972.51,113214,8.59,Google Ads
SP-00315,CAMP-007,2025-07-11,1004.38,109053,9.21,Google Ads
SP-00262,CAMP-007,2025-07-22,1019.41,91673,11.12,Google Ads
SP-00589,CAMP-005,2025-09-11,987.99,87047,11.35,YouTube
SP-00465,CAMP-001,2025-09-26,1161.35,91661,12.67,LinkedIn
SP-00933,CAMP-023,2025-07-02,1343.2,137764,9.75,TikTok
SP-00419,CAMP-007,2025-08-19,919.03,102455,8.97,Google Ads
SP-00960,CAMP-024,2025-09-28,1037.12,86139,12.04,Google Ads
SP-00805,CAMP-015,2025-08-08,678.97,54058,12.56,YouTube
SP-00225,CAMP-007,2025-08-13,812.77,61948,13.12,Google Ads
SP-00138,CAMP-007,2025-08-03,1149.4,121758,9.44,Google Ads
SP-00814,CAMP-017,2025-09-24,989.54,81577,12.13,Meta
SP-00117,CAMP-007,2025-07-15,1030.76,109190,9.44,Google Ads
SP-00936,CAMP-023,2025-08-01,593.28,42468,13.97,Meta
SP-00151,CAMP-007,2025-07-19,1096.88,108601,10.1,Google Ads
SP-00111,CAMP-007,2025-09-11,1044.84,101638,10.28,Google Ads
SP-00353,CAMP-007,2025-09-27,784.65,120160,6.53,Google Ads
SP-00256,CAMP-007,2025-08-02,619.46,61576,10.06,Google Ads
SP-00593,CAMP-005,2025-08-24,640.91,43042,14.89,TikTok
SP-00645,CAMP-008,2025-09-28,1234.23,183392,6.73,LinkedIn
SP-00704,CAMP-011,2025-08-20,1218.75,128831,9.46,Meta
SP-00788,CAMP-014,2025-08-27,1063.55,117910,9.02,Meta
SP-00772,CAMP-013,2025-09-14,839.46,76314,11.0,Google Ads
SP-01187,CAMP-038,2025-09-05,1075.16,105927,10.15,Google Ads
SP-00859,CAMP-019,2025-09-13,900.9,79234,11.37,Meta
SP-00025,CAMP-007,2025-07-22,588.09,51272,11.47,Google Ads
SP-00919,CAMP-023,2025-07-03,1518.39,121471,12.5,TikTok
SP-00852,CAMP-018,2025-07-29,604.39,56327,10.73,Google Ads
SP-01147,CAMP-035,2025-09-17,1063.68,101110,10.52,Google Ads
SP-00730,CAMP-012,2025-08-12,620.95,41122,15.1,TikTok
SP-00472,CAMP-001,2025-08-10,1076.43,102322,10.52,LinkedIn
SP-00532,CAMP-003,2025-09-28,994.73,119558,8.32,Google Ads
SP-00995,CAMP-026,2025-09-28,771.17,89255,8.64,TikTok
SP-01066,CAMP-031,2025-08-28,1036.47,71480,14.5,TikTok
SP-00352,CAMP-007,2025-07-20,1113.53,117833,9.45,Google Ads
SP-00773,CAMP-013,2025-08-05,1071.32,90406,11.85,Google Ads
SP-00147,CAMP-007,2025-07-19,906.47,168488,5.38,Google Ads
SP-00084,CAMP-007,2025-08-20,1360.76,111812,12.17,Google Ads
SP-00163,CAMP-007,2025-08-30,432.56,43083,10.04,Google Ads
SP-00161,CAMP-007,2025-07-20,1380.57,125392,11.01,Google Ads
SP-00106,CAMP-007,2025-08-15,565.88,43866,12.9,Google Ads
SP-00231,CAMP-007,2025-08-07,1220.48,83997,14.53,Google Ads
SP-00314,CAMP-007,2025-09-10,1091.99,114584,9.53,Google Ads
SP-00200,CAMP-007,2025-08-15,1449.22,122919,11.79,Google Ads
SP-00167,CAMP-007,2025-08-14,590.23,85047,6.94,Google Ads
SP-00214,CAMP-007,2025-09-20,1585.0,168259,9.42,Google Ads
SP-00331,CAMP-007,2025-07-05,904.74,72786,12.43,Google Ads
SP-00692,CAMP-009,2025-09-13,1491.27,127132,11.73,Meta
SP-00822,CAMP-017,2025-09-27,1200.02,115165,10.42,Google Ads
SP-00127,CAMP-007,2025-07-05,1305.48,101831,12.82,Google Ads
SP-01131,CAMP-035,2025-09-10,919.68,81676,11.26,Google Ads
SP-00635,CAMP-006,2025-07-25,1032.44,82793,12.47,Google Ads
SP-00065,CAMP-007,2025-07-30,1098.52,104223,10.54,Google Ads
SP-00396,CAMP-007,2025-09-04,882.26,87179,10.12,Google Ads
SP-00588,CAMP-005,2025-08-01,789.34,51658,15.28,YouTube
SP-00911,CAMP-022,2025-08-03,1164.5,104439,11.15,Google Ads
SP-00266,CAMP-007,2025-09-24,556.71,50934,10.93,Google Ads
SP-00734,CAMP-012,2025-08-10,884.73,63833,13.86,Meta
SP-00973,CAMP-024,2025-09-15,958.49,71743,13.36,Google Ads
SP-00818,CAMP-017,2025-09-04,448.77,30800,14.57,Meta
SP-01052,CAMP-030,2025-09-26,1087.02,83360,13.04,Google Ads
SP-00021,CAMP-007,2025-08-30,628.82,38436,16.36,Google Ads
SP-00449,CAMP-001,2025-09-11,1003.32,100131,10.02,LinkedIn
SP-00303,CAMP-007,2025-07-22,823.22,88139,9.34,Google Ads
SP-01125,CAMP-035,2025-08-08,1129.86,99634,11.34,Google Ads
SP-00495,CAMP-002,2025-08-11,1420.59,140097,10.14,LinkedIn
SP-00567,CAMP-005,2025-08-18,554.67,50840,10.91,TikTok
SP-00216,CAMP-007,2025-07-02,723.9,46643,15.52,Google Ads
SP-00080,CAMP-007,2025-08-08,98.27,14799,6.64,Google Ads
SP-00914,CAMP-023,2025-08-23,1160.7,92781,12.51,LinkedIn
SP-01034,CAMP-029,2025-08-25,1036.21,92767,11.17,Google Ads
SP-00684,CAMP-009,2025-09-18,676.74,49980,13.54,Meta
SP-00876,CAMP-020,2025-07-22,516.45,51336,10.06,Google Ads
SP-01126,CAMP-035,2025-09-14,575.83,41848,13.76,Google Ads
SP-01091,CAMP-032,2025-08-12,1145.47,87507,13.09,LinkedIn
SP-01020,CAMP-029,2025-08-15,682.72,58054,11.76,Meta
SP-00923,CAMP-023,2025-08-04,969.98,78668,12.33,TikTok
SP-01106,CAMP-034,2025-09-11,594.12,72987,8.14,Google Ads
SP-00626,CAMP-006,2025-09-29,341.45,28790,11.86,Google Ads
SP-01180,CAMP-038,2025-08-13,1114.39,99233,11.23,Meta
SP-00272,CAMP-007,2025-09-21,1126.26,150569,7.48,Google Ads
SP-00747,CAMP-013,2025-09-08,1068.29,115241,9.27,Google Ads
SP-00600,CAMP-006,2025-07-27,1074.31,125650,8.55,Google Ads
SP-00832,CAMP-018,2025-08-24,1159.69,109198,10.62,Google Ads
SP-01068,CAMP-031,2025-08-25,985.39,90154,10.93,TikTok
SP-00861,CAMP-019,2025-09-02,739.94,85740,8.63,Meta
SP-00613,CAMP-006,2025-08-22,882.21,74322,11.87,Google Ads
SP-00874,CAMP-020,2025-08-30,1072.84,61200,17.53,Meta
SP-00845,CAMP-018,2025-07-22,951.15,65732,14.47,Google Ads
SP-00255,CAMP-007,2025-07-12,1394.77,121284,11.5,Google Ads
SP-00533,CAMP-003,2025-09-19,1223.87,193344,6.33,Google Ads
SP-00555,CAMP-004,2025-07-14,916.26,107164,8.55,Google Ads
SP-00865,CAMP-019,2025-09-15,903.53,98746,9.15,LinkedIn
SP-00900,CAMP-021,2025-09-22,808.44,70482,11.47,YouTube
SP-01122,CAMP-035,2025-08-22,804.87,78218,10.29,Google Ads
SP-00729,CAMP-012,2025-08-17,1513.34,170805,8.86,TikTok
SP-00749,CAMP-013,2025-08-14,1044.12,83663,12.48,Google Ads
SP-00094,CAMP-007,2025-09-12,1623.51,132748,12.23,Google Ads
SP-00253,CAMP-007,2025-07-25,925.66,80352,11.52,Google Ads
SP-00278,CAMP-007,2025-09-27,794.8,94170,8.44,Google Ads
SP-00935,CAMP-023,2025-09-05,874.68,55535,15.75,Meta
SP-00509,CAMP-002,2025-08-07,221.27,24476,9.04,Meta
SP-00619,CAMP-006,2025-08-17,1547.02,196571,7.87,Google Ads
SP-00831,CAMP-018,2025-09-15,958.87,107617,8.91,Google Ads
SP-00436,CAMP-007,2025-08-01,1217.55,117865,10.33,Google Ads
SP-00334,CAMP-007,2025-07-31,1034.62,99006,10.45,Google Ads
SP-00878,CAMP-020,2025-08-30,665.51,58123,11.45,Meta
SP-00844,CAMP-018,2025-09-17,622.72,73520,8.47,Google Ads
SP-00833,CAMP-018,2025-08-22,1226.77,90737,13.52,Google Ads
SP-01161,CAMP-036,2025-09-14,419.29,31525,13.3,Meta
SP-00174,CAMP-007,2025-08-09,927.24,66804,13.88,Google Ads
SP-00246,CAMP-007,2025-08-13,1399.99,161848,8.65,Google Ads
SP-00379,CAMP-007,2025-08-07,744.64,58540,12.72,Google Ads
SP-00177,CAMP-007,2025-07-08,771.88,63372,12.18,Google Ads
SP-00392,CAMP-007,2025-09-21,783.73,45041,17.4,Google Ads
SP-00459,CAMP-001,2025-07-06,691.7,72429,9.55,TikTok
SP-00894,CAMP-021,2025-09-01,1142.01,121619,9.39,YouTube
SP-01134,CAMP-035,2025-09-23,738.87,63422,11.65,Google Ads
SP-00835,CAMP-018,2025-07-19,1200.42,99126,12.11,Google Ads
SP-00388,CAMP-007,2025-08-14,788.6,58027,13.59,Google Ads
SP-00637,CAMP-006,2025-09-08,1020.56,100251,10.18,Google Ads
SP-00455,CAMP-001,2025-08-04,1084.43,108987,9.95,Meta
SP-00504,CAMP-002,2025-08-27,630.45,73479,8.58,Meta
SP-00208,CAMP-007,2025-07-13,952.01,93701,10.16,Google Ads
SP-00290,CAMP-007,2025-09-17,1065.19,105989,10.05,Google Ads
SP-00178,CAMP-007,2025-07-11,369.82,49375,7.49,Google Ads
SP-00375,CAMP-007,2025-09-04,744.96,64000,11.64,Google Ads
SP-00696,CAMP-010,2025-07-11,865.4,83856,10.32,Google Ads
SP-00133,CAMP-007,2025-08-22,827.87,52067,15.9,Google Ads
SP-00628,CAMP-006,2025-07-10,497.14,48834,10.18,Google Ads
SP-00843,CAMP-018,2025-08-21,1382.39,148325,9.32,Google Ads
SP-00319,CAMP-007,2025-08-04,1200.48,132066,9.09,Google Ads
SP-00220,CAMP-007,2025-08-10,968.34,68144,14.21,Google Ads
SP-00719,CAMP-011,2025-07-06,845.74,108987,7.76,Meta
SP-00316,CAMP-007,2025-08-04,989.66,80920,12.23,Google Ads
SP-00267,CAMP-007,2025-08-05,803.6,68742,11.69,Google Ads
SP-00054,CAMP-007,2025-08-18,1331.4,116584,11.42,Google Ads
SP-00707,CAMP-011,2025-07-28,1017.48,190896,5.33,LinkedIn
SP-00241,CAMP-007,2025-08-20,433.36,35874,12.08,Google Ads
SP-00100,CAMP-007,2025-07-28,636.88,48616,13.1,Google Ads
SP-00897,CAMP-021,2025-09-15,784.86,62339,12.59,YouTube
SP-00713,CAMP-011,2025-09-07,708.49,48295,14.67,LinkedIn
SP-00186,CAMP-007,2025-09-07,1302.22,115342,11.29,Google Ads
SP-00807,CAMP-015,2025-08-08,1582.91,119015,13.3,YouTube
SP-00785,CAMP-014,2025-08-12,1207.02,81116,14.88,Google Ads
SP-01160,CAMP-036,2025-07-29,1281.06,136573,9.38,TikTok
SP-00795,CAMP-015,2025-08-24,744.11,64480,11.54,YouTube
SP-00071,CAMP-007,2025-09-30,1245.94,91210,13.66,Google Ads
SP-01005,CAMP-028,2025-08-05,1045.95,71591,14.61,Meta
SP-00853,CAMP-018,2025-08-22,880.33,54007,16.3,Google Ads
SP-00194,CAMP-007,2025-07-24,710.0,77850,9.12,Google Ads
SP-01088,CAMP-032,2025-08-04,668.3,62869,10.63,Meta
SP-00082,CAMP-007,2025-08-10,624.51,44166,14.14,Google Ads
SP-01051,CAMP-030,2025-08-23,513.86,43072,11.93,Google Ads
SP-00095,CAMP-007,2025-07-16,603.16,64925,9.29,Google Ads
SP-00067,CAMP-007,2025-07-06,1335.28,109002,12.25,Google Ads
SP-00705,CAMP-011,2025-07-12,360.57,35735,10.09,TikTok
SP-00792,CAMP-014,2025-09-07,752.55,74142,10.15,Google Ads
SP-00517,CAMP-002,2025-08-02,1398.84,126477,11.06,TikTok
SP-00693,CAMP-010,2025-08-02,678.75,85809,7.91,Google Ads
SP-00918,CAMP-023,2025-07-21,882.17,81833,10.78,Meta
SP-00790,CAMP-014,2025-09-07,603.35,45812,13.17,Google Ads
SP-00598,CAMP-006,2025-09-14,1062.92,109017,9.75,Google Ads
SP-00513,CAMP-002,2025-08-07,1516.7,109667,13.83,LinkedIn
SP-00158,CAMP-007,2025-07-12,754.31,109004,6.92,Google Ads
SP-00967,CAMP-024,2025-07-12,1815.55,154514,11.75,Google Ads
SP-00190,CAMP-007,2025-09-18,1230.71,158392,7.77,Google Ads
SP-00940,CAMP-023,2025-07-09,1079.17,123474,8.74,LinkedIn
SP-00989,CAMP-026,2025-09-03,1038.71,64838,16.02,Meta
SP-00612,CAMP-006,2025-09-16,1205.2,115773,10.41,Google Ads
SP-00508,CAMP-002,2025-08-29,1087.08,93633,11.61,TikTok
SP-00579,CAMP-005,2025-08-01,693.59,60312,11.5,TikTok
SP-01017,CAMP-028,2025-08-18,1270.73,123852,10.26,TikTok
SP-00218,CAMP-007,2025-09-25,843.17,79544,10.6,Google Ads
SP-00999,CAMP-027,2025-07-09,1029.34,104078,9.89,Google Ads
SP-00526,CAMP-003,2025-09-28,565.6,34935,16.19,Meta
SP-00596,CAMP-005,2025-08-16,764.34,99783,7.66,TikTok
SP-00215,CAMP-007,2025-08-12,576.45,57472,10.03,Google Ads
SP-00005,CAMP-007,2025-09-06,724.08,57972,12.49,Google Ads
SP-00932,CAMP-023,2025-09-04,326.99,31290,10.45,LinkedIn
SP-00187,CAMP-007,2025-09-15,730.66,58971,12.39,Google Ads
SP-00113,CAMP-007,2025-07-26,314.13,27627,11.37,Google Ads
SP-00405,CAMP-007,2025-09-23,508.44,44135,11.52,Google Ads
SP-01081,CAMP-032,2025-08-16,1339.7,121680,11.01,LinkedIn
SP-00898,CAMP-021,2025-09-28,1268.14,123240,10.29,TikTok
SP-00625,CAMP-006,2025-07-21,781.74,66758,11.71,Google Ads
SP-01129,CAMP-035,2025-08-31,674.39,70030,9.63,Google Ads
SP-00394,CAMP-007,2025-08-07,1375.23,99366,13.84,Google Ads
SP-00972,CAMP-024,2025-09-04,925.69,67915,13.63,Google Ads
SP-00541,CAMP-003,2025-08-05,871.94,62236,14.01,Meta
SP-00724,CAMP-012,2025-08-25,1178.28,81092,14.53,TikTok
SP-00671,CAMP-008,2025-07-02,798.78,70501,11.33,Meta
SP-00834,CAMP-018,2025-07-29,1165.51,137442,8.48,Google Ads
SP-01135,CAMP-035,2025-07-15,579.85,55066,10.53,Google Ads
SP-00740,CAMP-013,2025-08-18,1186.58,82861,14.32,Google Ads
SP-00077,CAMP-007,2025-09-22,1115.53,111441,10.01,Google Ads
SP-00930,CAMP-023,2025-07-16,859.85,99866,8.61,Meta
SP-00666,CAMP-008,2025-09-30,1543.81,117221,13.17,Meta
SP-00823,CAMP-017,2025-09-11,1012.34,83872,12.07,Meta
SP-00971,CAMP-024,2025-09-06,998.09,80232,12.44,Google Ads
SP-00667,CAMP-008,2025-08-14,842.96,120941,6.97,Meta
SP-00090,CAMP-007,2025-09-19,743.65,62334,11.93,Google Ads
SP-00739,CAMP-013,2025-08-21,805.69,57467,14.02,Google Ads
SP-01074,CAMP-031,2025-09-30,1369.68,137380,9.97,TikTok
SP-00189,CAMP-007,2025-09-24,796.34,95829,8.31,Google Ads
SP-00251,CAMP-007,2025-09-02,891.64,79186,11.26,Google Ads
SP-00250,CAMP-007,2025-07-30,1059.1,117677,9.0,Google Ads
SP-00203,CAMP-007,2025-08-28,303.72,23202,13.09,Google Ads
SP-00703,CAMP-011,2025-08-03,1019.36,75788,13.45,TikTok
SP-01035,CAMP-029,2025-08-07,1440.81,125287,11.5,Meta
SP-00042,CAMP-007,2025-07-12,611.8,54527,11.22,Google Ads
SP-00968,CAMP-024,2025-09-20,628.4,56971,11.03,Google Ads
SP-01084,CAMP-032,2025-08-31,855.11,76213,11.22,TikTok
SP-00714,CAMP-011,2025-07-20,1572.93,216955,7.25,TikTok
SP-00786,CAMP-014,2025-09-02,1197.42,124084,9.65,Meta
SP-00322,CAMP-007,2025-08-04,790.96,81124,9.75,Google Ads
SP-00336,CAMP-007,2025-07-08,1178.57,106657,11.05,Google Ads
SP-00227,CAMP-007,2025-07-21,1092.09,94471,11.56,Google Ads
SP-00592,CAMP-005,2025-09-22,1178.58,164836,7.15,YouTube
SP-01089,CAMP-032,2025-08-05,595.23,67181,8.86,LinkedIn
SP-00112,CAMP-007,2025-08-11,1155.05,203353,5.68,Google Ads
SP-00518,CAMP-002,2025-08-05,1234.64,90849,13.59,LinkedIn
SP-00057,CAMP-007,2025-08-10,1224.44,109618,11.17,Google Ads
SP-00750,CAMP-013,2025-08-21,900.9,65377,13.78,Google Ads
SP-01056,CAMP-030,2025-09-05,910.81,81981,11.11,Google Ads
SP-00775,CAMP-014,2025-08-16,592.74,77992,7.6,Google Ads
SP-00105,CAMP-007,2025-08-05,1179.83,114769,10.28,Google Ads
SP-00594,CAMP-005,2025-09-18,732.22,54971,13.32,TikTok
SP-00205,CAMP-007,2025-07-15,992.24,94499,10.5,Google Ads
SP-00988,CAMP-026,2025-09-28,723.79,64681,11.19,LinkedIn
SP-00166,CAMP-007,2025-08-23,670.63,82793,8.1,Google Ads
SP-00439,CAMP-007,2025-07-14,1354.17,173389,7.81,Google Ads
SP-01012,CAMP-028,2025-08-20,879.11,80504,10.92,TikTok
SP-00291,CAMP-007,2025-08-12,1056.29,67710,15.6,Google Ads
SP-01040,CAMP-029,2025-08-31,722.82,52760,13.7,Meta
SP-00744,CAMP-013,2025-07-26,805.95,66552,12.11,Google Ads
SP-00674,CAMP-009,2025-08-31,527.65,37184,14.19,Meta
SP-01059,CAMP-030,2025-09-11,759.07,108593,6.99,Google Ads
SP-00383,CAMP-007,2025-08-06,985.12,86871,11.34,Google Ads
SP-00296,CAMP-007,2025-07-18,1023.75,90517,11.31,Google Ads
SP-00499,CAMP-002,2025-08-03,955.65,101341,9.43,LinkedIn
SP-00468,CAMP-001,2025-07-08,809.84,86429,9.37,TikTok
SP-00915,CAMP-023,2025-09-29,1591.92,148223,10.74,Meta
SP-00318,CAMP-007,2025-08-15,951.41,94951,10.02,Google Ads
SP-00056,CAMP-007,2025-09-21,896.77,82727,10.84,Google Ads
SP-00279,CAMP-007,2025-09-25,897.52,84751,10.59,Google Ads
SP-01045,CAMP-030,2025-09-10,549.75,42715,12.87,Google Ads
SP-00061,CAMP-007,2025-07-07,949.26,116330,8.16,Google Ads
SP-00700,CAMP-011,2025-07-17,1024.59,126492,8.1,TikTok
SP-00925,CAMP-023,2025-09-15,970.26,116617,8.32,TikTok
SP-00403,CAMP-007,2025-08-04,1572.89,148245,10.61,Google Ads
SP-00766,CAMP-013,2025-09-12,1236.98,86321,14.33,Google Ads
SP-00991,CAMP-026,2025-09-03,1557.46,137463,11.33,Meta
SP-00847,CAMP-018,2025-09-16,598.44,47951,12.48,Google Ads
SP-00820,CAMP-017,2025-09-01,1207.14,132361,9.12,Google Ads
SP-00868,CAMP-019,2025-09-14,782.64,54012,14.49,TikTok
SP-00348,CAMP-007,2025-09-26,1216.7,124917,9.74,Google Ads
SP-00239,CAMP-007,2025-09-23,1308.99,101787,12.86,Google Ads
SP-00339,CAMP-007,2025-07-04,955.7,114181,8.37,Google Ads
SP-00181,CAMP-007,2025-09-10,1364.55,145941,9.35,Google Ads
SP-00879,CAMP-020,2025-07-31,971.12,75280,12.9,Google Ads
SP-00951,CAMP-024,2025-09-20,822.69,68786,11.96,Google Ads
SP-00355,CAMP-007,2025-09-09,939.24,56820,16.53,Google Ads
SP-01173,CAMP-037,2025-08-13,705.31,51072,13.81,TikTok
SP-00129,CAMP-007,2025-07-21,985.71,78480,12.56,Google Ads
SP-00426,CAMP-007,2025-09-04,1056.26,100596,10.5,Google Ads
SP-00078,CAMP-007,2025-09-12,945.67,84510,11.19,Google Ads
SP-01006,CAMP-028,2025-08-21,539.74,74242,7.27,LinkedIn
SP-00921,CAMP-023,2025-07-22,1073.39,92773,11.57,Meta
SP-00643,CAMP-008,2025-09-06,791.02,71520,11.06,TikTok
SP-00617,CAMP-006,2025-08-04,861.09,62991,13.67,Google Ads
SP-01181,CAMP-038,2025-09-22,841.32,99095,8.49,Meta
SP-00662,CAMP-008,2025-08-18,989.25,86776,11.4,Meta
SP-00397,CAMP-007,2025-09-08,961.29,89173,10.78,Google Ads
SP-01114,CAMP-034,2025-09-10,1079.2,79236,13.62,Meta
SP-00311,CAMP-007,2025-08-19,971.17,95493,10.17,Google Ads
SP-00434,CAMP-007,2025-07-31,1193.1,158446,7.53,Google Ads
SP-00249,CAMP-007,2025-09-11,261.93,23241,11.27,Google Ads
SP-00121,CAMP-007,2025-09-25,325.04,25920,12.54,Google Ads
SP-00950,CAMP-024,2025-09-14,5.4,454,11.87,Google Ads
SP-00462,CAMP-001,2025-07-08,843.48,103114,8.18,Meta
SP-01019,CAMP-028,2025-08-25,263.77,23016,11.46,TikTok
SP-00447,CAMP-001,2025-08-16,757.67,66229,11.44,LinkedIn
SP-00891,CAMP-021,2025-09-18,838.94,68878,12.18,YouTube
SP-00690,CAMP-009,2025-08-24,774.04,76410,10.13,Google Ads
SP-00386,CAMP-007,2025-09-14,1218.13,107229,11.36,Google Ads
SP-00337,CAMP-007,2025-08-07,1253.26,118343,10.59,Google Ads
SP-00538,CAMP-003,2025-07-11,898.4,86053,10.44,Google Ads
SP-00985,CAMP-025,2025-07-22,1542.98,292231,5.28,Google Ads
SP-00431,CAMP-007,2025-09-19,1157.43,93719,12.35,Google Ads
SP-00851,CAMP-018,2025-08-13,794.95,61009,13.03,Google Ads
SP-00410,CAMP-007,2025-07-13,1061.13,127081,8.35,Google Ads
SP-00660,CAMP-008,2025-08-03,503.22,38979,12.91,LinkedIn
SP-00821,CAMP-017,2025-09-03,931.33,74566,12.49,Google Ads
SP-00687,CAMP-009,2025-09-28,401.7,31805,12.63,Meta
SP-00624,CAMP-006,2025-09-11,1011.1,86789,11.65,Google Ads
SP-00228,CAMP-007,2025-07-04,751.66,93258,8.06,Google Ads
SP-00927,CAMP-023,2025-07-09,1011.55,88810,11.39,Meta
SP-00114,CAMP-007,2025-07-03,1552.63,235603,6.59,Google Ads
SP-00372,CAMP-007,2025-08-18,732.51,48223,15.19,Google Ads
SP-00975,CAMP-025,2025-07-21,981.16,82728,11.86,Meta
SP-00474,CAMP-001,2025-08-13,740.43,67929,10.9,LinkedIn
SP-00423,CAMP-007,2025-07-22,1246.74,150390,8.29,Google Ads
SP-01121,CAMP-035,2025-09-20,847.97,81067,10.46,Google Ads
SP-00487,CAMP-001,2025-08-12,983.07,90689,10.84,TikTok
SP-01043,CAMP-029,2025-07-07,978.81,112766,8.68,Meta
SP-00549,CAMP-003,2025-07-25,1021.58,90325,11.31,Meta
SP-00797,CAMP-015,2025-08-04,1432.74,89156,16.07,YouTube
SP-00917,CAMP-023,2025-07-26,740.76,76288,9.71,LinkedIn
SP-00032,CAMP-007,2025-08-19,761.43,80234,9.49,Google Ads
SP-00070,CAMP-007,2025-09-03,1401.69,98710,14.2,Google Ads
SP-00028,CAMP-007,2025-08-28,1031.79,72355,14.26,Google Ads
SP-01099,CAMP-032,2025-08-05,409.84,32475,12.62,TikTok
SP-01154,CAMP-036,2025-08-16,1125.77,98925,11.38,LinkedIn
SP-01165,CAMP-036,2025-09-17,883.87,75479,11.71,LinkedIn
SP-00276,CAMP-007,2025-07-03,508.15,61519,8.26,Google Ads
SP-00799,CAMP-015,2025-08-13,566.82,45637,12.42,TikTok
SP-01195,CAMP-040,2025-08-17,1160.72,101108,11.48,Meta
SP-00017,CAMP-007,2025-08-11,1286.04,141947,9.06,Google Ads
SP-00342,CAMP-007,2025-07-09,1227.56,195783,6.27,Google Ads
SP-00221,CAMP-007,2025-09-09,1054.38,84148,12.53,Google Ads
SP-01058,CAMP-030,2025-08-17,1034.18,85681,12.07,Google Ads
SP-00493,CAMP-002,2025-08-25,646.31,41563,15.55,Meta
SP-00149,CAMP-007,2025-07-07,1372.61,119461,11.49,Google Ads
SP-00460,CAMP-001,2025-09-05,1096.52,100690,10.89,LinkedIn
SP-01143,CAMP-035,2025-08-30,1082.99,179302,6.04,Google Ads
SP-00264,CAMP-007,2025-08-27,876.87,95519,9.18,Google Ads
SP-00916,CAMP-023,2025-09-04,346.23,32267,10.73,TikTok
SP-00976,CAMP-025,2025-07-24,23.99,2317,10.35,Meta
SP-00083,CAMP-007,2025-09-29,726.14,78586,9.24,Google Ads
SP-00604,CAMP-006,2025-07-17,377.53,37715,10.01,Google Ads
SP-01163,CAMP-036,2025-07-11,880.13,115200,7.64,Meta
SP-00118,CAMP-007,2025-08-26,993.15,87967,11.29,Google Ads
SP-00753,CAMP-013,2025-08-14,558.33,43551,12.82,Google Ads
SP-01177,CAMP-038,2025-08-15,827.29,68654,12.05,Google Ads
SP-00581,CAMP-005,2025-07-21,966.54,102605,9.42,YouTube
SP-00997,CAMP-027,2025-07-30,819.6,81068,10.11,Google Ads
SP-00638,CAMP-006,2025-07-30,1218.3,162007,7.52,Google Ads
SP-00407,CAMP-007,2025-07-01,952.17,132614,7.18,Google Ads
SP-00456,CAMP-001,2025-07-19,1033.27,91764,11.26,Meta
SP-00782,CAMP-014,2025-08-24,1246.52,80576,15.47,Meta
SP-00027,CAMP-007,2025-08-23,901.78,66798,13.5,Google Ads
SP-00069,CAMP-007,2025-08-27,1266.18,87503,14.47,Google Ads
SP-00395,CAMP-007,2025-08-02,736.02,50103,14.69,Google Ads
SP-01018,CAMP-028,2025-08-31,1339.36,108362,12.36,Meta
SP-00001,CAMP-007,2025-09-11,1402.57,103663,13.53,Google Ads
SP-00201,CAMP-007,2025-07-19,994.73,68887,14.44,Google Ads
SP-01111,CAMP-034,2025-08-14,1308.95,103392,12.66,Google Ads
SP-00521,CAMP-002,2025-08-14,1046.71,104253,10.04,Meta
SP-00870,CAMP-019,2025-09-08,338.41,29299,11.55,TikTok
SP-00243,CAMP-007,2025-07-21,867.77,98164,8.84,Google Ads
SP-00062,CAMP-007,2025-09-26,885.23,85446,10.36,Google Ads
SP-00480,CAMP-001,2025-07-23,1610.11,153197,10.51,LinkedIn
SP-00351,CAMP-007,2025-09-15,998.85,98022,10.19,Google Ads
SP-00961,CAMP-024,2025-08-13,1250.88,193037,6.48,Google Ads
SP-01078,CAMP-031,2025-08-29,1320.49,137551,9.6,TikTok
SP-00373,CAMP-007,2025-09-29,627.69,49816,12.6,Google Ads
SP-00428,CAMP-007,2025-09-20,1290.03,83443,15.46,Google Ads
SP-01086,CAMP-032,2025-08-29,1135.0,117010,9.7,TikTok
SP-00195,CAMP-007,2025-07-18,632.21,56548,11.18,Google Ads
SP-00009,CAMP-007,2025-07-04,1274.26,133290,9.56,Google Ads
SP-01064,CAMP-031,2025-07-28,762.16,92159,8.27,TikTok
SP-00558,CAMP-005,2025-09-07,534.03,36652,14.57,YouTube
SP-01178,CAMP-038,2025-07-24,945.58,94087,10.05,Meta
SP-00233,CAMP-007,2025-08-05,746.84,75744,9.86,Google Ads
SP-00387,CAMP-007,2025-07-23,786.02,88020,8.93,Google Ads
SP-00170,CAMP-007,2025-08-15,1620.91,173359,9.35,Google Ads
SP-00781,CAMP-014,2025-08-22,979.76,123395,7.94,Meta
SP-00646,CAMP-008,2025-09-15,1192.37,106082,11.24,Meta
SP-00051,CAMP-007,2025-07-26,734.09,116893,6.28,Google Ads
SP-01167,CAMP-037,2025-08-23,986.53,132776,7.43,TikTok
SP-00356,CAMP-007,2025-09-27,1104.55,88647,12.46,Google Ads
SP-00140,CAMP-007,2025-08-09,1122.81,101336,11.08,Google Ads
SP-00173,CAMP-007,2025-08-27,916.49,65463,14.0,Google Ads
SP-01047,CAMP-030,2025-08-30,834.69,63619,13.12,Google Ads
SP-00949,CAMP-024,2025-07-12,1156.69,165714,6.98,Google Ads
SP-00374,CAMP-007,2025-08-08,1108.12,89508,12.38,Google Ads
SP-01107,CAMP-034,2025-09-12,898.36,55833,16.09,Meta
SP-00244,CAMP-007,2025-07-19,1386.24,166815,8.31,Google Ads
SP-00345,CAMP-007,2025-08-07,815.45,80737,10.1,Google Ads
SP-00758,CAMP-013,2025-09-28,879.61,89664,9.81,Google Ads
SP-00226,CAMP-007,2025-08-08,952.55,87792,10.85,Google Ads
SP-01027,CAMP-029,2025-08-17,1131.57,86710,13.05,Google Ads
SP-00134,CAMP-007,2025-08-17,832.29,72499,11.48,Google Ads
SP-01065,CAMP-031,2025-08-25,1132.23,93341,12.13,YouTube
SP-00072,CAMP-007,2025-08-08,1194.75,97055,12.31,Google Ads
SP-00370,CAMP-007,2025-08-11,1470.48,126874,11.59,Google Ads
SP-01156,CAMP-036,2025-09-13,780.95,78566,9.94,Meta
SP-00881,CAMP-020,2025-08-25,1430.22,173570,8.24,Meta
SP-00120,CAMP-007,2025-09-14,853.98,70170,12.17,Google Ads
SP-01093,CAMP-032,2025-08-22,1150.41,74945,15.35,Meta
SP-00391,CAMP-007,2025-08-03,1302.42,111604,11.67,Google Ads
SP-00867,CAMP-019,2025-09-28,736.04,44313,16.61,LinkedIn
SP-00122,CAMP-007,2025-08-06,923.75,89510,10.32,Google Ads
SP-00325,CAMP-007,2025-08-10,1438.23,110209,13.05,Google Ads
SP-01080,CAMP-032,2025-08-04,794.5,61925,12.83,TikTok
SP-00886,CAMP-020,2025-07-25,702.01,58306,12.04,Meta
SP-00092,CAMP-007,2025-07-07,842.92,129879,6.49,Google Ads
SP-00175,CAMP-007,2025-07-07,1434.14,183864,7.8,Google Ads
SP-00892,CAMP-021,2025-09-10,913.14,83391,10.95,YouTube
SP-00756,CAMP-013,2025-08-16,955.25,82207,11.62,Google Ads
SP-00884,CAMP-020,2025-08-28,696.36,73610,9.46,Meta
SP-00585,CAMP-005,2025-08-18,873.11,70129,12.45,TikTok
SP-00074,CAMP-007,2025-08-27,995.85,83265,11.96,Google Ads
SP-00326,CAMP-007,2025-09-11,725.54,58795,12.34,Google Ads
SP-00327,CAMP-007,2025-09-07,1240.1,137942,8.99,Google Ads
SP-00091,CAMP-007,2025-09-13,937.53,110038,8.52,Google Ads
SP-00124,CAMP-007,2025-09-26,420.89,49633,8.48,Google Ads
SP-00953,CAMP-024,2025-07-04,584.61,60269,9.7,Google Ads
SP-01055,CAMP-030,2025-09-25,1125.16,73975,15.21,Google Ads
SP-00569,CAMP-005,2025-08-09,845.86,94404,8.96,TikTok
SP-00708,CAMP-011,2025-08-23,902.99,62447,14.46,TikTok
SP-00939,CAMP-023,2025-08-10,603.57,44380,13.6,TikTok
SP-00576,CAMP-005,2025-08-29,950.95,73375,12.96,TikTok
SP-00694,CAMP-010,2025-09-04,1095.69,103955,10.54,Google Ads
SP-00514,CAMP-002,2025-08-31,862.7,86097,10.02,LinkedIn
SP-00947,CAMP-024,2025-09-30,695.22,51689,13.45,Google Ads
SP-01003,CAMP-028,2025-08-25,720.01,55599,12.95,Meta
SP-00285,CAMP-007,2025-07-25,622.43,70251,8.86,Google Ads
SP-01127,CAMP-035,2025-09-14,727.53,67803,10.73,Google Ads
SP-00349,CAMP-007,2025-09-11,656.62,43803,14.99,Google Ads
SP-00578,CAMP-005,2025-08-14,992.54,75420,13.16,YouTube
SP-00399,CAMP-007,2025-09-19,1555.84,109489,14.21,Google Ads
SP-00099,CAMP-007,2025-09-21,418.87,32171,13.02,Google Ads
SP-00974,CAMP-025,2025-07-05,836.74,56422,14.83,Meta
SP-00806,CAMP-015,2025-08-27,954.62,83300,11.46,TikTok
SP-00761,CAMP-013,2025-07-31,1077.05,111611,9.65,Google Ads
SP-01097,CAMP-032,2025-08-24,759.92,72650,10.46,LinkedIn
SP-01092,CAMP-032,2025-08-29,1167.53,100217,11.65,Meta
SP-00467,CAMP-001,2025-07-22,1208.4,131347,9.2,TikTok
SP-00232,CAMP-007,2025-08-03,1335.16,117325,11.38,Google Ads
SP-01010,CAMP-028,2025-08-31,489.79,37560,13.04,LinkedIn
SP-00928,CAMP-023,2025-07-24,1187.62,153836,7.72,Meta
SP-00109,CAMP-007,2025-08-17,1166.37,80885,14.42,Google Ads
SP-01193,CAMP-040,2025-09-11,1382.87,128758,10.74,TikTok
SP-01094,CAMP-032,2025-08-22,1246.73,85862,14.52,LinkedIn
SP-01157,CAMP-036,2025-07-29,558.76,60603,9.22,LinkedIn
SP-00044,CAMP-007,2025-08-09,813.08,85858,9.47,Google Ads
SP-00041,CAMP-007,2025-09-06,601.59,52130,11.54,Google Ads
SP-00235,CAMP-007,2025-07-26,668.89,49437,13.53,Google Ads
SP-00378,CAMP-007,2025-08-12,514.66,38179,13.48,Google Ads
SP-00810,CAMP-016,2025-09-27,1063.15,79103,13.44,Google Ads
SP-00265,CAMP-007,2025-09-06,1492.33,127331,11.72,Google Ads
SP-00437,CAMP-007,2025-07-15,534.15,47522,11.24,Google Ads
SP-01118,CAMP-034,2025-09-13,1107.29,102812,10.77,Meta
SP-00022,CAMP-007,2025-07-27,941.06,97620,9.64,Google Ads
SP-00811,CAMP-016,2025-09-16,488.81,55673,8.78,Google Ads
SP-01076,CAMP-031,2025-07-07,879.77,92219,9.54,YouTube
SP-00794,CAMP-014,2025-08-07,1244.58,142237,8.75,Meta
SP-00591,CAMP-005,2025-09-24,1031.69,77687,13.28,YouTube
SP-01130,CAMP-035,2025-08-12,825.07,62505,13.2,Google Ads
SP-00731,CAMP-012,2025-08-12,1593.95,120937,13.18,TikTok
SP-00636,CAMP-006,2025-08-07,744.52,48220,15.44,Google Ads
SP-00254,CAMP-007,2025-07-24,1042.63,112595,9.26,Google Ads
SP-00277,CAMP-007,2025-09-20,853.57,88728,9.62,Google Ads
SP-00024,CAMP-007,2025-09-15,579.95,55180,10.51,Google Ads
SP-00047,CAMP-007,2025-08-03,1249.0,87403,14.29,Google Ads
SP-00478,CAMP-001,2025-08-29,1444.29,110251,13.1,Meta
SP-00830,CAMP-018,2025-08-14,962.43,71556,13.45,Google Ads
SP-00913,CAMP-023,2025-08-22,768.62,63838,12.04,Meta
SP-00089,CAMP-007,2025-09-16,1146.3,90688,12.64,Google Ads
SP-00093,CAMP-007,2025-09-15,1153.26,65451,17.62,Google Ads
SP-00722,CAMP-012,2025-08-31,1128.29,101739,11.09,TikTok
SP-00039,CAMP-007,2025-09-05,912.08,68992,13.22,Google Ads
SP-00741,CAMP-013,2025-08-31,890.69,64683,13.77,Google Ads
SP-01174,CAMP-037,2025-08-20,898.46,86390,10.4,TikTok
SP-01004,CAMP-028,2025-08-18,1400.33,133491,10.49,Meta
SP-01137,CAMP-035,2025-09-06,1018.79,90559,11.25,Google Ads
SP-00909,CAMP-021,2025-09-26,1369.8,145723,9.4,YouTube
SP-00389,CAMP-007,2025-09-25,621.66,52817,11.77,Google Ads
SP-00364,CAMP-007,2025-08-21,559.4,58575,9.55,Google Ads
SP-00049,CAMP-007,2025-07-16,985.51,123188,8.0,Google Ads
SP-01053,CAMP-030,2025-08-25,954.36,76105,12.54,Google Ads
SP-00777,CAMP-014,2025-08-08,901.44,112259,8.03,Meta
SP-00875,CAMP-020,2025-07-26,943.35,89672,10.52,Google Ads
SP-00516,CAMP-002,2025-08-23,460.92,37503,12.29,TikTok
SP-01002,CAMP-028,2025-08-28,501.65,41017,12.23,TikTok
SP-01000,CAMP-028,2025-08-24,1405.58,179283,7.84,Meta
SP-00401,CAMP-007,2025-07-05,1392.3,146250,9.52,Google Ads
SP-00102,CAMP-007,2025-08-18,1204.52,141541,8.51,Google Ads
SP-00855,CAMP-019,2025-09-29,692.42,60473,11.45,Meta
SP-00903,CAMP-021,2025-09-30,1116.51,88401,12.63,YouTube
SP-01132,CAMP-035,2025-09-24,1307.67,101056,12.94,Google Ads
SP-00527,CAMP-003,2025-09-19,898.81,67834,13.25,Meta
SP-00803,CAMP-015,2025-08-18,959.28,86577,11.08,TikTok
SP-00295,CAMP-007,2025-08-14,1497.39,125725,11.91,Google Ads
SP-00681,CAMP-009,2025-09-16,578.22,55812,10.36,Meta
SP-01183,CAMP-038,2025-07-26,820.57,89289,9.19,Meta
SP-00595,CAMP-005,2025-08-17,755.75,121503,6.22,TikTok
SP-00335,CAMP-007,2025-07-20,1307.09,119806,10.91,Google Ads
SP-00904,CAMP-021,2025-09-15,723.17,62939,11.49,TikTok
SP-00148,CAMP-007,2025-08-29,1382.28,93968,14.71,Google Ads
SP-00738,CAMP-013,2025-09-28,728.18,85769,8.49,Google Ads
SP-00411,CAMP-007,2025-07-17,949.47,124439,7.63,Google Ads
SP-00559,CAMP-005,2025-09-20,960.35,72206,13.3,YouTube
SP-00987,CAMP-026,2025-09-08,930.16,73998,12.57,Meta
SP-00029,CAMP-007,2025-07-01,1609.47,254662,6.32,Google Ads
SP-00012,CAMP-007,2025-07-08,1375.56,114821,11.98,Google Ads
SP-00510,CAMP-002,2025-08-22,885.17,86866,10.19,TikTok
SP-00286,CAMP-007,2025-08-14,1185.44,82322,14.4,Google Ads
SP-01001,CAMP-028,2025-08-15,1396.36,112609,12.4,Meta
SP-00691,CAMP-009,2025-09-12,800.0,110803,7.22,Meta
SP-00583,CAMP-005,2025-09-15,1152.15,112955,10.2,TikTok
SP-01063,CAMP-031,2025-08-09,570.29,45769,12.46,TikTok
SP-00789,CAMP-014,2025-09-05,1391.75,113427,12.27,Google Ads
SP-00825,CAMP-017,2025-09-12,1389.21,158766,8.75,Google Ads
SP-00942,CAMP-024,2025-09-22,558.54,46046,12.13,Google Ads
SP-01184,CAMP-038,2025-09-04,1752.38,248212,7.06,Meta
SP-00678,CAMP-009,2025-09-08,1346.27,74709,18.02,Meta
SP-00068,CAMP-007,2025-08-12,1188.88,100327,11.85,Google Ads
SP-00485,CAMP-001,2025-09-18,956.48,79375,12.05,LinkedIn
SP-01104,CAMP-033,2025-09-22,1438.7,154698,9.3,Google Ads
SP-00156,CAMP-007,2025-08-12,783.6,67902,11.54,Google Ads
SP-01108,CAMP-034,2025-09-06,1063.44,96676,11.0,Meta
SP-00798,CAMP-015,2025-08-06,682.41,52372,13.03,YouTube
SP-00421,CAMP-007,2025-09-12,1087.87,78039,13.94,Google Ads
SP-01038,CAMP-029,2025-08-26,722.83,55177,13.1,Google Ads
SP-00873,CAMP-019,2025-09-04,1267.71,123679,10.25,LinkedIn
SP-00457,CAMP-001,2025-09-22,1338.08,166635,8.03,Meta
SP-00369,CAMP-007,2025-09-07,842.65,102512,8.22,Google Ads
SP-00793,CAMP-014,2025-08-29,574.81,55969,10.27,Meta
SP-00324,CAMP-007,2025-09-10,658.31,72104,9.13,Google Ads
SP-00484,CAMP-001,2025-08-08,1257.67,104893,11.99,TikTok
SP-00862,CAMP-019,2025-09-10,1064.54,164534,6.47,TikTok
SP-00217,CAMP-007,2025-09-24,1155.93,99993,11.56,Google Ads
SP-01158,CAMP-036,2025-08-19,1225.41,113149,10.83,Meta
SP-00302,CAMP-007,2025-08-04,1171.49,113187,10.35,Google Ads
SP-00653,CAMP-008,2025-09-23,1171.09,154090,7.6,LinkedIn
SP-00128,CAMP-007,2025-07-31,1327.15,129858,10.22,Google Ads
SP-01057,CAMP-030,2025-09-21,1204.56,107454,11.21,Google Ads
SP-00871,CAMP-019,2025-09-09,1040.52,100923,10.31,TikTok
SP-01142,CAMP-035,2025-09-13,999.08,83118,12.02,Google Ads
SP-01041,CAMP-029,2025-09-23,1088.93,81202,13.41,Google Ads
SP-00261,CAMP-007,2025-09-08,880.59,69120,12.74,Google Ads
SP-00565,CAMP-005,2025-08-02,1138.0,114486,9.94,YouTube
SP-00377,CAMP-007,2025-09-14,1219.57,100957,12.08,Google Ads
SP-00088,CAMP-007,2025-07-12,432.52,57439,7.53,Google Ads
SP-00774,CAMP-014,2025-09-21,1277.0,110658,11.54,Google Ads
SP-00003,CAMP-007,2025-07-12,1167.53,190461,6.13,Google Ads
SP-00676,CAMP-009,2025-08-20,742.18,86602,8.57,Meta
SP-00699,CAMP-011,2025-08-22,1588.69,114376,13.89,TikTok
SP-00283,CAMP-007,2025-09-27,742.51,59258,12.53,Google Ads
SP-01185,CAMP-038,2025-09-26,570.73,53239,10.72,Google Ads
SP-00123,CAMP-007,2025-08-08,1425.59,133108,10.71,Google Ads
SP-00955,CAMP-024,2025-09-02,391.44,30203,12.96,Google Ads
SP-00020,CAMP-007,2025-08-09,1059.16,68465,15.47,Google Ads
SP-00726,CAMP-012,2025-08-27,501.86,53276,9.42,TikTok
SP-00446,CAMP-001,2025-09-23,1279.79,107545,11.9,TikTok
SP-00529,CAMP-003,2025-09-03,421.33,54647,7.71,Google Ads
SP-00471,CAMP-001,2025-08-05,907.72,67188,13.51,LinkedIn
SP-00185,CAMP-007,2025-07-27,954.46,85525,11.16,Google Ads
SP-00038,CAMP-007,2025-09-11,626.49,52734,11.88,Google Ads
SP-01079,CAMP-032,2025-08-24,1390.44,218622,6.36,TikTok
SP-01128,CAMP-035,2025-09-11,833.53,76191,10.94,Google Ads
SP-00957,CAMP-024,2025-08-21,605.63,59085,10.25,Google Ads
SP-00212,CAMP-007,2025-07-19,772.3,80700,9.57,Google Ads
SP-00393,CAMP-007,2025-08-05,915.1,125700,7.28,Google Ads
SP-00143,CAMP-007,2025-08-28,994.59,99858,9.96,Google Ads
SP-00247,CAMP-007,2025-09-09,814.4,63575,12.81,Google Ads
SP-00492,CAMP-002,2025-08-17,1297.02,87636,14.8,TikTok
SP-00440,CAMP-007,2025-09-15,939.6,108876,8.63,Google Ads
SP-01087,CAMP-032,2025-08-01,1183.9,106657,11.1,TikTok
SP-00361,CAMP-007,2025-07-09,804.03,82889,9.7,Google Ads
SP-00433,CAMP-007,2025-09-26,916.99,110215,8.32,Google Ads
SP-00641,CAMP-006,2025-09-30,601.14,61340,9.8,Google Ads
SP-00211,CAMP-007,2025-07-16,1016.02,115984,8.76,Google Ads
SP-00530,CAMP-003,2025-09-23,602.19,54349,11.08,Meta
SP-01054,CAMP-030,2025-09-20,1486.76,103390,14.38,Google Ads
SP-01071,CAMP-031,2025-08-12,861.59,141013,6.11,YouTube
SP-01007,CAMP-028,2025-08-04,1182.87,106950,11.06,LinkedIn
SP-00076,CAMP-007,2025-08-25,977.51,86276,11.33,Google Ads
SP-00444,CAMP-001,2025-07-22,724.23,82769,8.75,LinkedIn
SP-00058,CAMP-007,2025-08-25,1189.21,75123,15.83,Google Ads
SP-00497,CAMP-002,2025-08-24,993.61,105032,9.46,Meta
SP-00614,CAMP-006,2025-07-28,950.51,102425,9.28,Google Ads
SP-00751,CAMP-013,2025-08-17,986.44,97570,10.11,Google Ads
SP-00365,CAMP-007,2025-08-16,945.9,79688,11.87,Google Ads
SP-00408,CAMP-007,2025-08-23,1390.42,124701,11.15,Google Ads
SP-00802,CAMP-015,2025-08-31,707.09,58728,12.04,YouTube
SP-00962,CAMP-024,2025-07-26,1350.35,110232,12.25,Google Ads
SP-00098,CAMP-007,2025-07-07,864.44,82880,10.43,Google Ads
SP-00248,CAMP-007,2025-07-16,637.69,62335,10.23,Google Ads
SP-00328,CAMP-007,2025-09-16,953.02,87033,10.95,Google Ads
SP-00577,CAMP-005,2025-08-06,929.62,78250,11.88,TikTok
SP-00363,CAMP-007,2025-07-31,746.84,87554,8.53,Google Ads
SP-00007,CAMP-007,2025-09-01,641.29,50218,12.77,Google Ads
SP-00695,CAMP-010,2025-08-27,929.96,80655,11.53,Google Ads
SP-00710,CAMP-011,2025-07-16,1107.65,119875,9.24,Meta
SP-00298,CAMP-007,2025-08-23,1029.23,84919,12.12,Google Ads
SP-01168,CAMP-037,2025-08-05,1025.02,77829,13.17,TikTok
SP-00931,CAMP-023,2025-09-19,1081.59,75635,14.3,TikTok
SP-00234,CAMP-007,2025-08-21,1142.96,94303,12.12,Google Ads
SP-00183,CAMP-007,2025-09-04,923.78,67380,13.71,Google Ads
SP-00627,CAMP-006,2025-08-08,867.84,81717,10.62,Google Ads
SP-00609,CAMP-006,2025-07-04,886.77,75469,11.75,Google Ads
SP-01200,CAMP-040,2025-07-12,1616.31,124045,13.03,TikTok
SP-00574,CAMP-005,2025-07-25,474.99,54160,8.77,TikTok
SP-00280,CAMP-007,2025-07-19,1358.6,148480,9.15,Google Ads
SP-00477,CAMP-001,2025-08-04,1085.15,79731,13.61,Meta
SP-00945,CAMP-024,2025-09-28,1569.23,117633,13.34,Google Ads
SP-00219,CAMP-007,2025-09-16,324.99,34066,9.54,Google Ads
SP-00019,CAMP-007,2025-09-23,874.99,71079,12.31,Google Ads
SP-00767,CAMP-013,2025-08-22,788.04,62344,12.64,Google Ads
SP-01103,CAMP-033,2025-09-19,644.88,47209,13.66,Google Ads
SP-01149,CAMP-036,2025-09-05,1247.04,136736,9.12,LinkedIn
SP-00580,CAMP-005,2025-08-24,1322.14,104434,12.66,TikTok
SP-00924,CAMP-023,2025-09-12,807.74,81343,9.93,LinkedIn
SP-00587,CAMP-005,2025-08-07,896.62,71672,12.51,YouTube
SP-00293,CAMP-007,2025-09-10,1133.79,87754,12.92,Google Ads
SP-00259,CAMP-007,2025-07-04,1126.6,164948,6.83,Google Ads
SP-00620,CAMP-006,2025-08-16,395.52,37525,10.54,Google Ads
SP-00367,CAMP-007,2025-07-20,1169.87,108522,10.78,Google Ads
SP-00308,CAMP-007,2025-08-15,647.47,53158,12.18,Google Ads
SP-01192,CAMP-040,2025-08-13,872.46,60883,14.33,Meta
SP-00787,CAMP-014,2025-09-01,1461.89,117704,12.42,Meta
SP-00137,CAMP-007,2025-08-22,783.13,83667,9.36,Google Ads
SP-00381,CAMP-007,2025-09-18,1020.54,98698,10.34,Google Ads
SP-00854,CAMP-018,2025-08-17,872.21,93384,9.34,Google Ads
SP-00496,CAMP-002,2025-08-03,1347.97,142642,9.45,Meta
SP-01123,CAMP-035,2025-09-06,668.28,53080,12.59,Google Ads
SP-01141,CAMP-035,2025-09-19,1077.01,146531,7.35,Google Ads
SP-01166,CAMP-037,2025-08-28,1240.18,84023,14.76,TikTok
SP-00087,CAMP-007,2025-07-19,804.88,87014,9.25,Google Ads
SP-00182,CAMP-007,2025-09-24,930.46,65710,14.16,Google Ads
SP-00416,CAMP-007,2025-09-21,1017.63,80828,12.59,Google Ads
SP-00623,CAMP-006,2025-09-09,837.78,64148,13.06,Google Ads
SP-00222,CAMP-007,2025-09-13,1172.51,117603,9.97,Google Ads
SP-00990,CAMP-026,2025-09-12,969.39,86321,11.23,TikTok
SP-01115,CAMP-034,2025-08-22,746.98,50505,14.79,Google Ads
SP-00661,CAMP-008,2025-07-20,1376.86,149010,9.24,LinkedIn
SP-00808,CAMP-016,2025-09-14,722.71,68115,10.61,Google Ads
SP-00046,CAMP-007,2025-09-28,886.12,69336,12.78,Google Ads
SP-00371,CAMP-007,2025-08-06,711.94,50563,14.08,Google Ads
SP-01042,CAMP-029,2025-08-11,772.46,63839,12.1,Google Ads
SP-00332,CAMP-007,2025-07-01,1266.68,122384,10.35,Google Ads
SP-00535,CAMP-003,2025-09-03,943.18,58619,16.09,Meta
SP-00546,CAMP-003,2025-08-17,1271.73,103057,12.34,Meta
SP-00566,CAMP-005,2025-08-26,1253.65,156510,8.01,TikTok
SP-00946,CAMP-024,2025-08-14,1216.38,100444,12.11,Google Ads
SP-00362,CAMP-007,2025-08-04,1040.86,124207,8.38,Google Ads
SP-00723,CAMP-012,2025-08-24,555.33,55256,10.05,TikTok
SP-01146,CAMP-035,2025-07-31,998.53,99257,10.06,Google Ads
SP-01028,CAMP-029,2025-07-10,479.26,44375,10.8,Meta
SP-00288,CAMP-007,2025-08-23,620.49,57135,10.86,Google Ads
SP-01100,CAMP-032,2025-08-24,1004.98,102444,9.81,Meta
SP-00350,CAMP-007,2025-09-30,1378.81,115381,11.95,Google Ads
SP-00442,CAMP-001,2025-09-19,643.7,52461,12.27,Meta
SP-00783,CAMP-014,2025-09-01,1125.89,93048,12.1,Meta
SP-00757,CAMP-013,2025-07-11,842.7,74116,11.37,Google Ads
SP-00305,CAMP-007,2025-07-23,815.47,77442,10.53,Google Ads
SP-00640,CAMP-006,2025-07-02,1136.9,120562,9.43,Google Ads
SP-00910,CAMP-022,2025-08-14,516.38,39752,12.99,Google Ads
SP-00912,CAMP-022,2025-08-01,819.12,101001,8.11,Google Ads
SP-00837,CAMP-018,2025-08-08,1276.63,93116,13.71,Google Ads
SP-01013,CAMP-028,2025-08-19,1037.0,103389,10.03,TikTok
SP-00198,CAMP-007,2025-09-27,667.95,41513,16.09,Google Ads
SP-00224,CAMP-007,2025-08-08,590.39,85439,6.91,Google Ads
SP-00498,CAMP-002,2025-08-15,1194.22,90539,13.19,TikTok
SP-00849,CAMP-018,2025-09-15,553.8,42436,13.05,Google Ads
SP-00330,CAMP-007,2025-09-13,799.08,87045,9.18,Google Ads
SP-00611,CAMP-006,2025-09-07,1376.07,126013,10.92,Google Ads
SP-00763,CAMP-013,2025-09-09,1002.32,65682,15.26,Google Ads
SP-00040,CAMP-007,2025-08-28,851.06,69361,12.27,Google Ads
SP-00673,CAMP-008,2025-07-15,841.04,74494,11.29,Meta
SP-00531,CAMP-003,2025-07-19,1195.23,119284,10.02,Meta
SP-00725,CAMP-012,2025-08-23,349.86,29800,11.74,Meta
SP-00461,CAMP-001,2025-07-30,683.34,62691,10.9,TikTok
SP-00778,CAMP-014,2025-09-19,243.13,24809,9.8,Google Ads
SP-00036,CAMP-007,2025-09-03,1312.05,120371,10.9,Google Ads
SP-00944,CAMP-024,2025-09-14,698.86,61196,11.42,Google Ads
SP-00702,CAMP-011,2025-07-14,702.02,51430,13.65,TikTok
SP-00840,CAMP-018,2025-08-22,851.66,76657,11.11,Google Ads
SP-01196,CAMP-040,2025-09-02,1274.73,85038,14.99,TikTok
SP-00015,CAMP-007,2025-08-14,802.14,79184,10.13,Google Ads
SP-00998,CAMP-027,2025-09-18,1151.05,91790,12.54,Google Ads
SP-00515,CAMP-002,2025-08-10,564.0,38315,14.72,Meta
SP-00648,CAMP-008,2025-09-14,785.84,64625,12.16,TikTok
SP-00053,CAMP-007,2025-08-12,1122.28,83378,13.46,Google Ads
SP-00542,CAMP-003,2025-07-09,1216.42,135912,8.95,Google Ads
SP-00560,CAMP-005,2025-07-27,919.06,79779,11.52,TikTok
SP-00360,CAMP-007,2025-08-31,776.0,69909,11.1,Google Ads
SP-00732,CAMP-012,2025-08-31,993.02,85901,11.56,LinkedIn
SP-00506,CAMP-002,2025-08-27,1142.9,74456,15.35,TikTok
SP-00994,CAMP-026,2025-09-06,584.47,48746,11.99,Meta
SP-00385,CAMP-007,2025-07-13,1066.38,96330,11.07,Google Ads
SP-00908,CAMP-021,2025-09-13,537.81,42615,12.62,TikTok
SP-00155,CAMP-007,2025-09-22,816.11,62585,13.04,Google Ads
SP-01139,CAMP-035,2025-09-18,310.2,38438,8.07,Google Ads
SP-00191,CAMP-007,2025-07-27,950.89,133928,7.1,Google Ads
SP-00310,CAMP-007,2025-07-21,935.42,96039,9.74,Google Ads
SP-00752,CAMP-013,2025-08-21,610.42,68356,8.93,Google Ads
SP-00035,CAMP-007,2025-08-17,1423.14,136840,10.4,Google Ads
SP-00618,CAMP-006,2025-07-30,1131.53,102679,11.02,Google Ads
SP-01172,CAMP-037,2025-08-08,424.33,28670,14.8,YouTube
SP-00142,CAMP-007,2025-08-02,763.56,69731,10.95,Google Ads
SP-00768,CAMP-013,2025-08-09,859.21,80828,10.63,Google Ads
SP-00104,CAMP-007,2025-08-05,1134.64,91577,12.39,Google Ads
SP-00479,CAMP-001,2025-07-15,1053.97,85898,12.27,TikTok
SP-00037,CAMP-007,2025-09-26,385.65,33303,11.58,Google Ads
SP-01138,CAMP-035,2025-09-23,556.26,41573,13.38,Google Ads
SP-00406,CAMP-007,2025-07-17,1108.97,153809,7.21,Google Ads
SP-01133,CAMP-035,2025-07-04,1260.38,113343,11.12,Google Ads
SP-01024,CAMP-029,2025-08-29,1012.47,88502,11.44,Meta
SP-00145,CAMP-007,2025-08-09,916.12,61361,14.93,Google Ads
SP-00550,CAMP-003,2025-09-13,963.79,85215,11.31,Google Ads
SP-01105,CAMP-034,2025-08-11,586.54,73225,8.01,Google Ads
SP-00034,CAMP-007,2025-08-06,740.55,75030,9.87,Google Ads
SP-00525,CAMP-003,2025-09-11,995.15,72374,13.75,Meta
SP-00631,CAMP-006,2025-09-15,1124.71,80856,13.91,Google Ads
SP-01112,CAMP-034,2025-08-13,546.87,63737,8.58,Meta
SP-00412,CAMP-007,2025-09-26,1145.11,81502,14.05,Google Ads
SP-00522,CAMP-002,2025-08-01,1017.13,70830,14.36,Meta
SP-00759,CAMP-013,2025-09-15,846.27,80828,10.47,Google Ads
SP-01096,CAMP-032,2025-08-14,1046.29,113850,9.19,TikTok
SP-00754,CAMP-013,2025-07-27,730.61,82368,8.87,Google Ads
SP-00801,CAMP-015,2025-08-31,944.43,87124,10.84,YouTube
SP-00568,CAMP-005,2025-08-15,761.74,63214,12.05,YouTube
SP-01182,CAMP-038,2025-09-05,898.45,66898,13.43,Meta
SP-00553,CAMP-004,2025-07-09,1520.06,167407,9.08,Google Ads
SP-00274,CAMP-007,2025-09-11,1226.4,93333,13.14,Google Ads
SP-00584,CAMP-005,2025-09-11,1303.37,110736,11.77,TikTok
SP-00658,CAMP-008,2025-09-25,1339.93,102676,13.05,LinkedIn
SP-00922,CAMP-023,2025-07-01,736.86,118466,6.22,Meta
SP-01090,CAMP-032,2025-08-22,1044.06,89927,11.61,LinkedIn
SP-00445,CAMP-001,2025-08-22,923.4,107247,8.61,LinkedIn
SP-00632,CAMP-006,2025-07-22,456.85,54001,8.46,Google Ads
SP-00816,CAMP-017,2025-09-23,406.48,37917,10.72,Google Ads
SP-00926,CAMP-023,2025-07-25,500.35,44317,11.29,LinkedIn
SP-01029,CAMP-029,2025-09-29,1212.9,127138,9.54,Meta
SP-00848,CAMP-018,2025-08-02,637.86,48580,13.13,Google Ads
SP-01190,CAMP-039,2025-09-09,963.97,114621,8.41,Google Ads
SP-00877,CAMP-020,2025-07-31,1101.44,134158,8.21,Meta
SP-00320,CAMP-007,2025-08-21,1170.58,88949,13.16,Google Ads
SP-01159,CAMP-036,2025-08-26,893.76,94577,9.45,Meta
SP-00652,CAMP-008,2025-07-13,582.22,52357,11.12,TikTok
SP-01067,CAMP-031,2025-07-03,1410.04,127836,11.03,TikTok
SP-01116,CAMP-034,2025-09-03,1024.21,93964,10.9,Google Ads
SP-00160,CAMP-007,2025-08-31,1005.15,125958,7.98,Google Ads
SP-00644,CAMP-008,2025-08-12,787.38,65018,12.11,TikTok
SP-01050,CAMP-030,2025-09-09,946.31,123862,7.64,Google Ads
SP-00791,CAMP-014,2025-09-13,1003.94,90936,11.04,Meta
SP-00473,CAMP-001,2025-07-26,728.59,75267,9.68,Meta
SP-00817,CAMP-017,2025-09-19,905.94,123931,7.31,Google Ads
SP-00429,CAMP-007,2025-07-27,557.6,40318,13.83,Google Ads
SP-00146,CAMP-007,2025-07-01,1414.64,134471,10.52,Google Ads
SP-00519,CAMP-002,2025-08-03,1149.72,153091,7.51,Meta
SP-01119,CAMP-035,2025-07-07,1383.49,136304,10.15,Google Ads
SP-00176,CAMP-007,2025-07-16,1344.59,120916,11.12,Google Ads
SP-00706,CAMP-011,2025-07-21,844.44,99229,8.51,LinkedIn
SP-00346,CAMP-007,2025-09-30,773.64,74103,10.44,Google Ads
SP-00066,CAMP-007,2025-09-19,1043.52,92428,11.29,Google Ads
SP-00402,CAMP-007,2025-08-22,1137.66,169546,6.71,Google Ads
SP-00906,CAMP-021,2025-09-15,556.4,45907,12.12,TikTok
SP-00292,CAMP-007,2025-07-14,1265.71,114751,11.03,Google Ads
SP-00321,CAMP-007,2025-09-08,884.37,81734,10.82,Google Ads
SP-00045,CAMP-007,2025-08-14,523.83,45990,11.39,Google Ads
SP-01188,CAMP-039,2025-09-04,718.23,49092,14.63,Google Ads
SP-00633,CAMP-006,2025-08-03,1543.77,116687,13.23,Google Ads
SP-00866,CAMP-019,2025-09-19,1074.03,81242,13.22,Meta
SP-00815,CAMP-017,2025-09-08,1110.73,100155,11.09,Meta
SP-00770,CAMP-013,2025-09-20,1263.25,84838,14.89,Google Ads
SP-00887,CAMP-020,2025-08-07,957.86,110098,8.7,Meta
SP-00941,CAMP-023,2025-09-01,743.46,53563,13.88,TikTok
SP-01031,CAMP-029,2025-09-01,671.19,60196,11.15,Meta
SP-00523,CAMP-003,2025-09-26,704.01,62082,11.34,Meta
SP-00108,CAMP-007,2025-09-14,873.32,68495,12.75,Google Ads
SP-00164,CAMP-007,2025-07-03,799.25,101945,7.84,Google Ads
SP-00073,CAMP-007,2025-08-16,891.91,159554,5.59,Google Ads
SP-00368,CAMP-007,2025-08-30,1118.51,110963,10.08,Google Ads
SP-00281,CAMP-007,2025-07-21,1071.84,126396,8.48,Google Ads
SP-01085,CAMP-032,2025-08-28,706.59,57260,12.34,Meta
SP-00901,CAMP-021,2025-09-03,694.0,75599,9.18,TikTok
SP-00547,CAMP-003,2025-09-22,933.61,90906,10.27,Meta
SP-00889,CAMP-021,2025-09-01,813.36,71788,11.33,TikTok
SP-00413,CAMP-007,2025-08-16,648.07,74490,8.7,Google Ads
SP-00260,CAMP-007,2025-09-02,1515.45,134706,11.25,Google Ads
SP-00615,CAMP-006,2025-07-20,1219.35,125447,9.72,Google Ads
SP-00982,CAMP-025,2025-07-01,1156.11,123516,9.36,Meta
SP-00755,CAMP-013,2025-08-30,1111.29,135029,8.23,Google Ads
SP-00030,CAMP-007,2025-09-10,1227.38,110974,11.06,Google Ads
SP-00380,CAMP-007,2025-09-27,1160.25,85564,13.56,Google Ads
SP-00131,CAMP-007,2025-08-22,920.64,73182,12.58,Google Ads
SP-00157,CAMP-007,2025-07-14,847.61,57739,14.68,Google Ads
SP-00597,CAMP-005,2025-09-20,1115.95,123856,9.01,TikTok
SP-01082,CAMP-032,2025-08-26,967.81,88953,10.88,LinkedIn
SP-00869,CAMP-019,2025-09-19,639.32,66944,9.55,Meta
SP-00192,CAMP-007,2025-09-20,1125.71,79387,14.18,Google Ads
SP-00977,CAMP-025,2025-07-18,876.03,71629,12.23,Meta
SP-00010,CAMP-007,2025-07-02,1004.66,85648,11.73,Google Ads
SP-00153,CAMP-007,2025-09-20,925.46,94338,9.81,Google Ads
SP-00760,CAMP-013,2025-08-05,1007.56,144143,6.99,Google Ads
SP-00685,CAMP-009,2025-09-30,964.07,66077,14.59,Meta
SP-00289,CAMP-007,2025-08-13,592.09,57096,10.37,Google Ads
SP-00096,CAMP-007,2025-09-06,1216.36,75550,16.1,Google Ads
SP-00404,CAMP-007,2025-08-28,1615.25,108115,14.94,Google Ads
SP-00929,CAMP-023,2025-07-16,1412.61,169989,8.31,TikTok
SP-00197,CAMP-007,2025-08-26,866.57,65748,13.18,Google Ads
SP-01032,CAMP-029,2025-07-11,1358.93,161393,8.42,Meta
SP-01148,CAMP-035,2025-08-01,850.0,60113,14.14,Google Ads
SP-00130,CAMP-007,2025-09-01,994.12,72194,13.77,Google Ads
SP-00665,CAMP-008,2025-09-01,1123.18,135649,8.28,TikTok
SP-00202,CAMP-007,2025-07-26,1290.13,113667,11.35,Google Ads
SP-00229,CAMP-007,2025-08-16,977.89,79827,12.25,Google Ads
SP-00605,CAMP-006,2025-09-25,805.82,65460,12.31,Google Ads
SP-01044,CAMP-029,2025-07-29,1101.67,117699,9.36,Google Ads
SP-00357,CAMP-007,2025-08-11,506.46,51157,9.9,Google Ads
SP-00575,CAMP-005,2025-08-20,713.45,52575,13.57,YouTube
SP-00338,CAMP-007,2025-07-24,1078.4,171174,6.3,Google Ads
SP-00486,CAMP-001,2025-07-29,459.68,45155,10.18,Meta
SP-01008,CAMP-028,2025-08-10,1205.7,121175,9.95,TikTok
SP-00011,CAMP-007,2025-09-13,572.82,43101,13.29,Google Ads
SP-00489,CAMP-002,2025-08-02,327.32,26851,12.19,Meta
SP-00300,CAMP-007,2025-08-12,732.4,67316,10.88,Google Ads
SP-00150,CAMP-007,2025-07-11,1169.34,156328,7.48,Google Ads
SP-00872,CAMP-019,2025-09-03,1200.97,102647,11.7,Meta
SP-00464,CAMP-001,2025-08-25,888.21,119222,7.45,TikTok
SP-01152,CAMP-036,2025-09-20,1448.19,102345,14.15,LinkedIn
SP-00002,CAMP-007,2025-07-20,1075.05,91028,11.81,Google Ads
SP-00622,CAMP-006,2025-07-23,1056.52,209626,5.04,Google Ads
SP-00064,CAMP-007,2025-07-08,885.39,74527,11.88,Google Ads
SP-00680,CAMP-009,2025-08-16,1303.04,87983,14.81,Meta
SP-00572,CAMP-005,2025-07-22,885.42,93893,9.43,YouTube
SP-00344,CAMP-007,2025-08-31,1108.03,99732,11.11,Google Ads
SP-00340,CAMP-007,2025-09-16,1667.02,157712,10.57,Google Ads
SP-00992,CAMP-026,2025-09-22,1051.75,70587,14.9,TikTok
SP-00828,CAMP-017,2025-09-08,422.39,38822,10.88,Google Ads
SP-00672,CAMP-008,2025-09-18,937.45,98991,9.47,Meta
SP-00748,CAMP-013,2025-09-11,1217.57,129666,9.39,Google Ads
SP-00718,CAMP-011,2025-07-04,1179.67,145279,8.12,TikTok
SP-00528,CAMP-003,2025-08-09,719.59,82806,8.69,Meta
SP-00602,CAMP-006,2025-09-27,837.86,72104,11.62,Google Ads
SP-00809,CAMP-016,2025-09-17,1225.32,140679,8.71,Google Ads
SP-00107,CAMP-007,2025-07-05,1389.19,130808,10.62,Google Ads
SP-00257,CAMP-007,2025-09-05,1129.41,70324,16.06,Google Ads
SP-00188,CAMP-007,2025-08-10,1025.14,110467,9.28,Google Ads
SP-00733,CAMP-012,2025-08-31,642.37,54300,11.83,TikTok
SP-01198,CAMP-040,2025-08-28,1580.81,160163,9.87,Meta
SP-00270,CAMP-007,2025-08-25,886.32,123615,7.17,Google Ads
SP-00193,CAMP-007,2025-09-13,1059.12,79933,13.25,Google Ads
SP-00052,CAMP-007,2025-08-05,816.48,72190,11.31,Google Ads
SP-00860,CAMP-019,2025-09-02,817.74,67082,12.19,LinkedIn
SP-00139,CAMP-007,2025-07-01,956.69,96149,9.95,Google Ads
SP-00647,CAMP-008,2025-08-16,1297.08,149261,8.69,LinkedIn
SP-00534,CAMP-003,2025-07-14,1147.72,104623,10.97,Meta
SP-01026,CAMP-029,2025-09-02,1064.51,111818,9.52,Meta
SP-00435,CAMP-007,2025-08-16,646.23,59505,10.86,Google Ads
SP-00630,CAMP-006,2025-08-09,892.12,76054,11.73,Google Ads
SP-00727,CAMP-012,2025-08-05,852.25,71798,11.87,LinkedIn
SP-01095,CAMP-032,2025-08-07,868.53,108160,8.03,Meta
SP-00804,CAMP-015,2025-08-03,1062.57,82242,12.92,YouTube
SP-00273,CAMP-007,2025-08-16,1498.22,209541,7.15,Google Ads
SP-00469,CAMP-001,2025-07-24,427.26,32840,13.01,TikTok
SP-00141,CAMP-007,2025-09-08,571.16,78998,7.23,Google Ads
SP-00159,CAMP-007,2025-09-30,655.29,54607,12.0,Google Ads
SP-00938,CAMP-023,2025-07-19,896.57,84902,10.56,TikTok
SP-01179,CAMP-038,2025-08-16,829.57,64759,12.81,Google Ads
SP-00252,CAMP-007,2025-07-12,1060.89,100273,10.58,Google Ads
SP-00564,CAMP-005,2025-09-02,900.68,96226,9.36,TikTok
SP-00965,CAMP-024,2025-09-17,1039.67,136618,7.61,Google Ads
SP-00282,CAMP-007,2025-07-01,574.52,52515,10.94,Google Ads
SP-00063,CAMP-007,2025-07-16,1352.85,108662,12.45,Google Ads
SP-00746,CAMP-013,2025-08-14,616.81,48721,12.66,Google Ads
SP-00827,CAMP-017,2025-09-04,1120.52,110723,10.12,Google Ads
SP-00554,CAMP-004,2025-07-26,410.72,31764,12.93,Google Ads
SP-00103,CAMP-007,2025-08-05,1038.87,63656,16.32,Google Ads
SP-00742,CAMP-013,2025-08-23,972.26,119003,8.17,Google Ads
SP-00895,CAMP-021,2025-09-06,1084.45,112145,9.67,TikTok
SP-00616,CAMP-006,2025-07-01,1738.62,154269,11.27,Google Ads
SP-01046,CAMP-030,2025-08-09,1185.46,94158,12.59,Google Ads
SP-01033,CAMP-029,2025-08-17,1015.86,88258,11.51,Meta
SP-00601,CAMP-006,2025-07-08,796.83,53622,14.86,Google Ads
SP-01070,CAMP-031,2025-09-18,345.6,30967,11.16,TikTok
SP-00230,CAMP-007,2025-08-23,745.17,133304,5.59,Google Ads
SP-00958,CAMP-024,2025-08-30,1181.53,90747,13.02,Google Ads
SP-00312,CAMP-007,2025-08-16,924.48,68530,13.49,Google Ads
SP-00842,CAMP-018,2025-09-18,693.65,66187,10.48,Google Ads
SP-00450,CAMP-001,2025-08-30,1046.01,99430,10.52,TikTok
SP-00966,CAMP-024,2025-08-04,1323.94,98434,13.45,Google Ads
SP-00453,CAMP-001,2025-08-05,829.7,56557,14.67,LinkedIn
SP-00026,CAMP-007,2025-09-09,951.64,81685,11.65,Google Ads
SP-00031,CAMP-007,2025-07-18,1096.76,103565,10.59,Google Ads
SP-00213,CAMP-007,2025-09-06,1264.93,102257,12.37,Google Ads
SP-00608,CAMP-006,2025-09-15,1251.11,223412,5.6,Google Ads
SP-00081,CAMP-007,2025-07-28,1464.39,107675,13.6,Google Ads
SP-00888,CAMP-020,2025-08-09,790.61,75010,10.54,Google Ads
SP-00824,CAMP-017,2025-09-25,1073.6,99499,10.79,Google Ads
SP-00540,CAMP-003,2025-09-24,969.63,78767,12.31,Google Ads
SP-01069,CAMP-031,2025-08-15,984.3,60460,16.28,TikTok
SP-00697,CAMP-010,2025-09-29,930.2,117896,7.89,Google Ads
SP-00329,CAMP-007,2025-08-09,1159.4,91291,12.7,Google Ads
SP-00169,CAMP-007,2025-07-06,1119.23,118940,9.41,Google Ads
SP-00424,CAMP-007,2025-07-23,951.62,91151,10.44,Google Ads
SP-00651,CAMP-008,2025-09-24,347.23,28299,12.27,LinkedIn
SP-00654,CAMP-008,2025-08-16,732.06,62462,11.72,TikTok
SP-00500,CAMP-002,2025-08-13,596.47,59527,10.02,Meta
SP-00670,CAMP-008,2025-07-23,1146.85,131973,8.69,LinkedIn
SP-01109,CAMP-034,2025-09-15,1185.51,141807,8.36,Google Ads
SP-00199,CAMP-007,2025-09-14,778.14,76438,10.18,Google Ads
SP-00762,CAMP-013,2025-09-18,1084.96,82632,13.13,Google Ads
SP-00812,CAMP-017,2025-09-10,1386.63,193393,7.17,Google Ads
SP-00573,CAMP-005,2025-09-04,1007.9,108493,9.29,TikTok
SP-00132,CAMP-007,2025-07-24,825.42,84571,9.76,Google Ads
SP-00776,CAMP-014,2025-09-01,1020.63,89844,11.36,Google Ads
SP-00512,CAMP-002,2025-08-20,1172.99,111500,10.52,LinkedIn
SP-01015,CAMP-028,2025-08-07,660.41,71705,9.21,Meta
SP-00902,CAMP-021,2025-09-30,873.37,68769,12.7,YouTube
SP-00023,CAMP-007,2025-08-19,1022.24,91845,11.13,Google Ads
SP-00016,CAMP-007,2025-08-05,1040.31,79900,13.02,Google Ads
SP-00709,CAMP-011,2025-09-08,900.65,77709,11.59,TikTok
SP-00880,CAMP-020,2025-08-15,1444.42,109260,13.22,Meta
SP-00536,CAMP-003,2025-07-08,1145.21,99756,11.48,Google Ads
SP-00354,CAMP-007,2025-07-18,1297.31,117297,11.06,Google Ads
SP-01136,CAMP-035,2025-07-09,916.82,93172,9.84,Google Ads
SP-00642,CAMP-008,2025-09-15,620.3,101356,6.12,TikTok
SP-00420,CAMP-007,2025-08-27,818.74,89382,9.16,Google Ads
SP-00400,CAMP-007,2025-07-22,916.99,79187,11.58,Google Ads
SP-01039,CAMP-029,2025-07-14,752.43,82866,9.08,Meta
SP-00771,CAMP-013,2025-08-10,1199.39,88060,13.62,Google Ads
SP-00488,CAMP-001,2025-07-20,530.69,48156,11.02,LinkedIn
SP-00728,CAMP-012,2025-08-06,1234.94,108328,11.4,LinkedIn
SP-00712,CAMP-011,2025-08-26,658.1,56635,11.62,LinkedIn
SP-00743,CAMP-013,2025-07-06,461.23,46030,10.02,Google Ads
SP-01145,CAMP-035,2025-08-29,1248.31,125837,9.92,Google Ads
SP-00422,CAMP-007,2025-07-07,721.43,44948,16.05,Google Ads
SP-00430,CAMP-007,2025-08-02,702.63,52750,13.32,Google Ads
SP-01162,CAMP-036,2025-07-31,710.92,99988,7.11,Meta
SP-00238,CAMP-007,2025-08-15,1044.16,74053,14.1,Google Ads
SP-00313,CAMP-007,2025-08-12,915.46,86039,10.64,Google Ads
SP-00154,CAMP-007,2025-07-19,640.73,126127,5.08,Google Ads
SP-00970,CAMP-024,2025-09-28,600.71,41629,14.43,Google Ads
SP-00284,CAMP-007,2025-08-31,1436.97,130278,11.03,Google Ads
SP-00341,CAMP-007,2025-09-27,885.86,78533,11.28,Google Ads
SP-00934,CAMP-023,2025-09-26,671.21,45629,14.71,TikTok
SP-00441,CAMP-001,2025-09-10,1045.97,77709,13.46,LinkedIn
SP-00524,CAMP-003,2025-07-25,983.68,67980,14.47,Google Ads
SP-00463,CAMP-001,2025-08-05,552.5,42111,13.12,Meta
SP-00883,CAMP-020,2025-08-15,816.04,62056,13.15,Google Ads
SP-00996,CAMP-026,2025-09-11,910.77,113704,8.01,LinkedIn
SP-00779,CAMP-014,2025-09-07,837.17,63039,13.28,Google Ads
SP-00716,CAMP-011,2025-09-01,1385.18,167494,8.27,LinkedIn
SP-00204,CAMP-007,2025-09-24,1636.06,114891,14.24,Google Ads
SP-00135,CAMP-007,2025-08-01,922.99,73021,12.64,Google Ads
SP-00382,CAMP-007,2025-08-10,941.11,60288,15.61,Google Ads
SP-00683,CAMP-009,2025-08-21,771.32,61361,12.57,Meta
SP-00196,CAMP-007,2025-07-08,1348.79,184512,7.31,Google Ads
SP-00306,CAMP-007,2025-09-25,807.37,61071,13.22,Google Ads
SP-00850,CAMP-018,2025-09-21,883.74,67255,13.14,Google Ads
SP-00629,CAMP-006,2025-07-16,739.28,147856,5.0,Google Ads
SP-00503,CAMP-002,2025-08-21,409.12,31714,12.9,TikTok
SP-00116,CAMP-007,2025-07-28,1284.99,132746,9.68,Google Ads
SP-00223,CAMP-007,2025-08-02,1377.75,179628,7.67,Google Ads
SP-00607,CAMP-006,2025-07-26,645.37,66739,9.67,Google Ads
SP-00520,CAMP-002,2025-08-11,791.58,99444,7.96,Meta
SP-01169,CAMP-037,2025-08-16,1101.64,110495,9.97,TikTok
SP-00307,CAMP-007,2025-08-26,844.06,72080,11.71,Google Ads
SP-00829,CAMP-018,2025-09-07,1229.05,91175,13.48,Google Ads
SP-01150,CAMP-036,2025-07-14,806.54,82892,9.73,LinkedIn
SP-01075,CAMP-031,2025-07-29,974.09,139754,6.97,TikTok
SP-00240,CAMP-007,2025-08-22,1237.79,97540,12.69,Google Ads
SP-00839,CAMP-018,2025-07-29,1487.53,127575,11.66,Google Ads
SP-00366,CAMP-007,2025-08-13,1374.02,131234,10.47,Google Ads
SP-00677,CAMP-009,2025-09-21,1153.57,91335,12.63,Google Ads
SP-00060,CAMP-007,2025-07-15,256.17,24560,10.43,Google Ads
SP-00269,CAMP-007,2025-08-09,980.25,173495,5.65,Google Ads
SP-00323,CAMP-007,2025-09-04,762.72,58445,13.05,Google Ads
SP-00136,CAMP-007,2025-09-10,990.25,107988,9.17,Google Ads
SP-01151,CAMP-036,2025-07-21,863.9,110050,7.85,TikTok
SP-00610,CAMP-006,2025-09-25,1035.02,102680,10.08,Google Ads
SP-01083,CAMP-032,2025-08-22,748.58,73390,10.2,TikTok
SP-00537,CAMP-003,2025-09-26,929.86,108249,8.59,Meta
SP-00543,CAMP-003,2025-09-12,839.58,84042,9.99,Meta
SP-00343,CAMP-007,2025-07-25,915.01,82582,11.08,Google Ads
SP-00551,CAMP-003,2025-08-03,990.08,80233,12.34,Meta
SP-00603,CAMP-006,2025-08-07,1143.54,91191,12.54,Google Ads
SP-00059,CAMP-007,2025-08-19,1099.26,124210,8.85,Google Ads
SP-00502,CAMP-002,2025-08-21,785.27,70050,11.21,LinkedIn
SP-00720,CAMP-011,2025-08-07,1091.87,103396,10.56,TikTok
SP-00008,CAMP-007,2025-08-31,1066.4,97210,10.97,Google Ads
SP-00180,CAMP-007,2025-09-12,836.94,69455,12.05,Google Ads
SP-01022,CAMP-029,2025-07-08,978.78,149204,6.56,Meta
SP-01011,CAMP-028,2025-08-16,988.35,67464,14.65,Meta
SP-00590,CAMP-005,2025-09-19,995.51,100760,9.88,TikTok
SP-00885,CAMP-020,2025-07-10,1030.77,131308,7.85,Google Ads
SP-01036,CAMP-029,2025-08-11,1173.11,104648,11.21,Meta
SP-01030,CAMP-029,2025-08-14,824.1,84436,9.76,Meta
SP-00826,CAMP-017,2025-09-09,1151.65,115976,9.93,Google Ads
SP-00494,CAMP-002,2025-08-09,771.3,68499,11.26,Meta
SP-00398,CAMP-007,2025-09-02,928.91,100749,9.22,Google Ads
SP-00101,CAMP-007,2025-09-07,842.39,63337,13.3,Google Ads
SP-00841,CAMP-018,2025-09-13,908.39,82505,11.01,Google Ads
SP-00943,CAMP-024,2025-09-14,726.39,90912,7.99,Google Ads
SP-00287,CAMP-007,2025-09-23,1218.87,103294,11.8,Google Ads
SP-00075,CAMP-007,2025-08-03,1595.25,143975,11.08,Google Ads
SP-00937,CAMP-023,2025-08-17,1121.92,97558,11.5,LinkedIn
SP-00490,CAMP-002,2025-08-21,1016.06,66452,15.29,LinkedIn
SP-00669,CAMP-008,2025-08-10,918.3,45823,20.04,Meta
SP-00679,CAMP-009,2025-08-18,1442.11,107379,13.43,Meta
SP-00258,CAMP-007,2025-08-15,1342.72,118093,11.37,Google Ads
SP-00086,CAMP-007,2025-07-02,975.68,147161,6.63,Google Ads
SP-00126,CAMP-007,2025-07-17,859.53,102203,8.41,Google Ads
SP-00657,CAMP-008,2025-09-25,1211.66,111263,10.89,TikTok
SP-00483,CAMP-001,2025-08-04,1061.04,104125,10.19,LinkedIn
SP-00882,CAMP-020,2025-07-17,861.0,64014,13.45,Meta
SP-00701,CAMP-011,2025-08-12,672.85,55607,12.1,LinkedIn
SP-01098,CAMP-032,2025-08-31,771.09,66187,11.65,TikTok
SP-00237,CAMP-007,2025-08-31,554.99,45305,12.25,Google Ads
SP-00656,CAMP-008,2025-07-11,600.28,62529,9.6,TikTok
SP-00115,CAMP-007,2025-09-02,1018.12,106833,9.53,Google Ads
SP-01014,CAMP-028,2025-08-05,839.47,62321,13.47,TikTok
SP-00863,CAMP-019,2025-09-05,1210.7,122789,9.86,Meta
SP-00993,CAMP-026,2025-09-04,937.55,107026,8.76,TikTok
SP-00209,CAMP-007,2025-07-29,1219.86,108625,11.23,Google Ads
SP-01117,CAMP-034,2025-08-28,1111.08,163876,6.78,Google Ads
SP-00858,CAMP-019,2025-09-28,1109.75,103328,10.74,LinkedIn
SP-00956,CAMP-024,2025-08-18,1118.68,80480,13.9,Google Ads
SP-00333,CAMP-007,2025-07-06,1427.98,128531,11.11,Google Ads
SP-00505,CAMP-002,2025-08-31,862.05,65855,13.09,Meta
SP-00675,CAMP-009,2025-09-01,746.4,66346,11.25,Google Ads
SP-01171,CAMP-037,2025-08-23,788.83,45257,17.43,YouTube
SP-01077,CAMP-031,2025-08-13,658.52,47753,13.79,TikTok
SP-00470,CAMP-001,2025-07-10,758.32,67466,11.24,LinkedIn
SP-00539,CAMP-003,2025-09-05,815.33,74323,10.97,Google Ads
SP-01176,CAMP-038,2025-09-08,688.92,73445,9.38,Google Ads
SP-00018,CAMP-007,2025-09-18,534.27,72987,7.32,Google Ads
SP-00736,CAMP-012,2025-08-17,596.53,53166,11.22,TikTok
SP-00545,CAMP-003,2025-08-01,659.67,110128,5.99,Google Ads
SP-00959,CAMP-024,2025-07-21,1073.1,214619,5.0,Google Ads
SP-00501,CAMP-002,2025-08-10,645.45,57526,11.22,Meta
SP-00050,CAMP-007,2025-08-13,876.25,71066,12.33,Google Ads
SP-00347,CAMP-007,2025-08-17,934.35,80616,11.59,Google Ads
SP-00980,CAMP-025,2025-07-25,679.82,65241,10.42,Meta
SP-00242,CAMP-007,2025-07-21,1012.48,91132,11.11,Google Ads
SP-00144,CAMP-007,2025-08-31,1050.19,88773,11.83,Google Ads
SP-00165,CAMP-007,2025-09-02,608.9,42789,14.23,Google Ads
SP-00864,CAMP-019,2025-09-15,1243.29,108679,11.44,TikTok
SP-00582,CAMP-005,2025-09-01,891.54,112284,7.94,YouTube
SP-00765,CAMP-013,2025-07-21,1108.56,93628,11.84,Google Ads
SP-01199,CAMP-040,2025-07-02,644.76,65127,9.9,TikTok
SP-01120,CAMP-035,2025-09-22,1071.15,157522,6.8,Google Ads
SP-00152,CAMP-007,2025-08-16,1128.38,110085,10.25,Google Ads
SP-00245,CAMP-007,2025-08-18,1091.48,115013,9.49,Google Ads
SP-00735,CAMP-012,2025-08-16,1450.97,182741,7.94,TikTok
SP-00301,CAMP-007,2025-07-06,1206.86,153936,7.84,Google Ads
SP-00317,CAMP-007,2025-09-14,856.48,85991,9.96,Google Ads
SP-00458,CAMP-001,2025-09-04,932.76,88834,10.5,TikTok
SP-01073,CAMP-031,2025-07-28,695.48,65549,10.61,YouTube
SP-00033,CAMP-007,2025-09-06,1237.65,176554,7.01,Google Ads
SP-00110,CAMP-007,2025-07-25,914.95,87807,10.42,Google Ads
SP-00271,CAMP-007,2025-07-01,1157.12,118678,9.75,Google Ads
SP-01060,CAMP-030,2025-09-04,841.19,89774,9.37,Google Ads
SP-00425,CAMP-007,2025-08-13,708.34,77077,9.19,Google Ads
SP-00586,CAMP-005,2025-09-06,826.42,98735,8.37,TikTok
SP-00418,CAMP-007,2025-08-23,1214.25,85270,14.24,Google Ads
SP-00838,CAMP-018,2025-09-22,1120.5,122727,9.13,Google Ads
SP-00634,CAMP-006,2025-07-06,1203.91,130717,9.21,Google Ads
SP-00663,CAMP-008,2025-08-16,799.92,89276,8.96,Meta
SP-00079,CAMP-007,2025-07-01,883.14,116972,7.55,Google Ads
SP-00207,CAMP-007,2025-09-30,877.24,75170,11.67,Google Ads
SP-00986,CAMP-026,2025-09-28,524.78,57165,9.18,Meta
SP-00717,CAMP-011,2025-08-15,1210.7,123667,9.79,TikTok
SP-00721,CAMP-012,2025-08-26,903.32,64247,14.06,TikTok
SP-00304,CAMP-007,2025-09-24,1003.18,82026,12.23,Google Ads
SP-00715,CAMP-011,2025-07-24,666.13,53720,12.4,LinkedIn
SP-00206,CAMP-007,2025-07-22,1356.23,130156,10.42,Google Ads
SP-00417,CAMP-007,2025-08-31,700.04,82260,8.51,Google Ads
SP-00686,CAMP-009,2025-08-15,1235.14,77877,15.86,Meta
SP-01170,CAMP-037,2025-08-13,957.25,105192,9.1,YouTube
SP-00168,CAMP-007,2025-09-21,924.62,60432,15.3,Google Ads
SP-00006,CAMP-007,2025-08-12,513.6,42979,11.95,Google Ads
SP-00907,CAMP-021,2025-09-21,1161.85,105144,11.05,TikTok
SP-01144,CAMP-035,2025-08-10,1322.6,95082,13.91,Google Ads
SP-00890,CAMP-021,2025-09-09,1008.49,100849,10.0,TikTok
SP-01021,CAMP-029,2025-09-20,1001.8,134469,7.45,Meta
SP-00491,CAMP-002,2025-08-02,1077.48,83655,12.88,LinkedIn
SP-00780,CAMP-014,2025-08-23,758.32,66113,11.47,Google Ads
SP-00507,CAMP-002,2025-08-20,1226.54,99962,12.27,TikTok
SP-01062,CAMP-031,2025-08-17,1295.32,112051,11.56,TikTok
SP-00119,CAMP-007,2025-07-03,583.93,58334,10.01,Google Ads
SP-00359,CAMP-007,2025-08-17,1217.37,173414,7.02,Google Ads
SP-00162,CAMP-007,2025-09-26,713.51,114344,6.24,Google Ads
SP-00983,CAMP-025,2025-07-02,894.58,69725,12.83,Google Ads
SP-00978,CAMP-025,2025-07-16,849.53,119990,7.08,Google Ads
SP-00664,CAMP-008,2025-07-09,1191.57,121588,9.8,LinkedIn
SP-01048,CAMP-030,2025-09-30,1037.97,69802,14.87,Google Ads
SP-01110,CAMP-034,2025-08-31,829.85,129664,6.4,Google Ads
SP-01061,CAMP-031,2025-08-14,674.94,46870,14.4,YouTube
SP-00846,CAMP-018,2025-07-24,975.09,79794,12.22,Google Ads
SP-00836,CAMP-018,2025-09-19,1001.82,121580,8.24,Google Ads
SP-00466,CAMP-001,2025-08-15,650.84,56349,11.55,LinkedIn
SP-00511,CAMP-002,2025-08-15,1244.76,86924,14.32,TikTok
SP-00745,CAMP-013,2025-08-28,1080.12,103261,10.46,Google Ads
SP-00952,CAMP-024,2025-07-07,818.97,64894,12.62,Google Ads
SP-00451,CAMP-001,2025-07-06,1321.92,176256,7.5,LinkedIn
SP-01153,CAMP-036,2025-09-28,1030.59,140025,7.36,TikTok
SP-00659,CAMP-008,2025-07-01,1059.23,91391,11.59,TikTok
SP-00954,CAMP-024,2025-09-26,965.04,62951,15.33,Google Ads
SP-00920,CAMP-023,2025-07-06,1125.34,102583,10.97,LinkedIn
SP-00172,CAMP-007,2025-08-01,555.32,68558,8.1,Google Ads
SP-00963,CAMP-024,2025-08-21,836.17,91987,9.09,Google Ads
SP-00097,CAMP-007,2025-07-15,767.13,61468,12.48,Google Ads
SP-00268,CAMP-007,2025-08-06,824.81,76797,10.74,Google Ads
SP-00184,CAMP-007,2025-08-16,620.33,54177,11.45,Google Ads
SP-01016,CAMP-028,2025-08-20,1062.81,81441,13.05,TikTok
SP-01140,CAMP-035,2025-09-01,654.25,57491,11.38,Google Ads
SP-00769,CAMP-013,2025-09-29,1250.36,114292,10.94,Google Ads
SP-01189,CAMP-039,2025-09-14,317.8,33069,9.61,Google Ads
SP-01009,CAMP-028,2025-08-09,771.01,63509,12.14,Meta
SP-00390,CAMP-007,2025-09-04,929.03,97178,9.56,Google Ads
SP-00981,CAMP-025,2025-07-22,1283.37,107036,11.99,Meta
SP-00210,CAMP-007,2025-08-26,1517.27,157884,9.61,Google Ads
SP-00443,CAMP-001,2025-09-01,597.88,50667,11.8,Meta
SP-01186,CAMP-038,2025-08-01,635.64,70236,9.05,Meta
SP-01113,CAMP-034,2025-07-17,917.6,91668,10.01,Meta
SP-00125,CAMP-007,2025-08-28,767.91,52959,14.5,Google Ads
SP-00796,CAMP-015,2025-08-05,789.63,80739,9.78,TikTok
SP-00689,CAMP-009,2025-09-17,662.74,50629,13.09,Google Ads
SP-00979,CAMP-025,2025-07-18,886.89,97353,9.11,Google Ads
SP-00964,CAMP-024,2025-08-06,1141.18,120377,9.48,Google Ads
SP-00055,CAMP-007,2025-08-09,1328.52,155382,8.55,Google Ads
SP-00004,CAMP-007,2025-09-29,1221.82,124168,9.84,Google Ads
SP-00481,CAMP-001,2025-09-04,922.7,77020,11.98,Meta
SP-01191,CAMP-040,2025-09-17,1366.59,101004,13.53,TikTok
SP-00556,CAMP-004,2025-07-17,977.07,88262,11.07,Google Ads
SP-00376,CAMP-007,2025-08-21,993.2,83392,11.91,Google Ads
SP-00737,CAMP-013,2025-08-26,934.62,80156,11.66,Google Ads
SP-00557,CAMP-004,2025-07-23,1175.9,116656,10.08,Google Ads
SP-01124,CAMP-035,2025-08-26,1553.05,204348,7.6,Google Ads
SP-00275,CAMP-007,2025-09-11,708.48,53470,13.25,Google Ads
SP-00893,CAMP-021,2025-09-29,1049.03,84395,12.43,YouTube
